Player,PASSING ATT,PASSING CMP,PASSING YDS,PASSING TDS,PASSING INTS,RUSHING ATT,RUSHING YDS,RUSHING TDS,MISC FL,MISC FPTS,POS,RECEIVING REC,RECEIVING YDS,RECEIVING TDS,Player Chase McLaughlin TB,FG 2.1,FGA 2.0,XPT 2.9,FPTS 9.1,Player Denver Broncos,SACK 3.1,INT 0.8,FR 0.6,FF 1.0,TD 0.2,SAFETY 0.1,PA 17.2,YDS AGN 291.9,FPTS 8.3
Jalen Hurts PHI,27.6,19.0,218.4,1.6,0.5,8.9,40.9,0.8,0.3,23.1,QB,,,,,,,,,,,,,,,,,,
Lamar Jackson BAL,29.2,20.0,235.9,1.8,0.4,7.9,51.3,0.2,0.3,22.4,QB,,,,,,,,,,,,,,,,,,
Jayden Daniels WAS,30.8,21.1,227.3,1.6,0.5,8.5,48.1,0.4,0.1,21.8,QB,,,,,,,,,,,,,,,,,,
Josh Allen BUF,32.5,20.7,240.7,1.6,0.5,7.3,33.8,0.5,0.2,21.6,QB,,,,,,,,,,,,,,,,,,
Joe Burrow CIN,36.1,24.6,278.3,2.2,0.7,3.0,11.5,0.1,0.2,20.5,QB,,,,,,,,,,,,,,,,,,
Baker Mayfield TB,33.4,23.6,254.2,2.0,0.9,4.1,18.2,0.1,0.2,19.5,QB,,,,,,,,,,,,,,,,,,
Patrick Mahomes II KC,35.7,24.2,254.0,1.7,0.6,4.5,22.6,0.1,0.1,19.4,QB,,,,,,,,,,,,,,,,,,
Bo Nix DEN,33.5,22.3,227.8,1.7,0.5,5.5,26.4,0.2,0.1,19.1,QB,,,,,,,,,,,,,,,,,,
Kyler Murray ARI,32.4,21.5,234.4,1.4,0.8,5.5,35.7,0.3,0.2,18.9,QB,,,,,,,,,,,,,,,,,,
Trevor Lawrence JAC,30.8,20.0,237.0,1.5,0.8,3.5,17.5,0.2,0.2,17.5,QB,,,,,,,,,,,,,,,,,,
Drake Maye NE,31.0,20.6,215.8,1.5,0.8,4.4,30.2,0.2,0.3,17.2,QB,,,,,,,,,,,,,,,,,,
Brock Purdy SF,31.4,21.0,253.1,1.4,0.8,3.4,14.7,0.2,0.2,17.2,QB,,,,,,,,,,,,,,,,,,
Dak Prescott DAL,36.7,23.6,251.0,1.6,0.9,2.5,10.2,0.1,0.2,16.7,QB,,,,,,,,,,,,,,,,,,
Jordan Love GB,31.3,19.8,235.5,1.6,0.8,2.5,10.7,0.1,0.1,16.5,QB,,,,,,,,,,,,,,,,,,
Justin Fields NYJ,28.9,17.8,194.8,1.0,0.8,7.4,39.9,0.4,0.3,16.5,QB,,,,,,,,,,,,,,,,,,
Justin Herbert LAC,31.8,20.7,231.8,1.4,0.4,3.9,16.8,0.1,0.2,16.5,QB,,,,,,,,,,,,,,,,,,
J.J. McCarthy MIN,33.1,21.7,242.2,1.4,0.9,3.3,15.0,0.1,0.2,16.2,QB,,,,,,,,,,,,,,,,,,
Tua Tagovailoa MIA,34.5,24.3,255.8,1.6,0.8,1.8,5.8,0.0,0.2,16.1,QB,,,,,,,,,,,,,,,,,,
Jared Goff DET,32.9,22.6,253.4,1.6,0.8,1.7,4.0,0.0,0.2,16.0,QB,,,,,,,,,,,,,,,,,,
C.J. Stroud HOU,34.0,21.7,250.1,1.3,0.7,3.2,14.3,0.1,0.2,16.0,QB,,,,,,,,,,,,,,,,,,
Caleb Williams CHI,31.8,20.5,217.8,1.3,0.7,5.0,25.9,0.1,0.3,15.8,QB,,,,,,,,,,,,,,,,,,
Geno Smith LV,34.0,22.8,247.0,1.3,0.8,3.0,12.7,0.1,0.1,15.8,QB,,,,,,,,,,,,,,,,,,
Daniel Jones IND,30.1,18.7,204.0,1.2,0.7,5.8,27.2,0.2,0.3,15.8,QB,,,,,,,,,,,,,,,,,,
Bryce Young CAR,31.5,20.2,216.8,1.3,0.7,3.4,18.4,0.2,0.2,15.6,QB,,,,,,,,,,,,,,,,,,
Michael Penix Jr. ATL,32.1,20.8,234.7,1.3,0.8,3.2,11.1,0.2,0.2,15.5,QB,,,,,,,,,,,,,,,,,,
Matthew Stafford LAR,32.4,20.5,238.5,1.5,0.6,1.8,4.2,0.0,0.1,15.4,QB,,,,,,,,,,,,,,,,,,
Russell Wilson NYG,31.9,20.3,226.1,1.3,0.7,3.6,14.9,0.1,0.2,15.4,QB,,,,,,,,,,,,,,,,,,
Sam Darnold SEA,32.6,21.2,229.5,1.3,1.0,3.6,12.5,0.1,0.2,14.9,QB,,,,,,,,,,,,,,,,,,
Joe Flacco CLE,35.0,22.4,250.0,1.5,1.0,1.3,4.1,0.0,0.3,14.8,QB,,,,,,,,,,,,,,,,,,
Cam Ward TEN,31.0,19.7,211.9,1.1,0.8,4.1,17.1,0.1,0.2,14.1,QB,,,,,,,,,,,,,,,,,,
Aaron Rodgers PIT,33.0,21.0,222.8,1.4,0.6,1.6,5.8,0.0,0.2,14.1,QB,,,,,,,,,,,,,,,,,,
Spencer Rattler NO,31.5,19.3,209.9,1.1,0.8,3.7,19.4,0.1,0.3,13.6,QB,,,,,,,,,,,,,,,,,,
Jalen Milroe SEA,0.7,0.5,4.5,0.1,0.0,1.8,8.7,0.1,0.0,1.9,QB,,,,,,,,,,,,,,,,,,
Mason Rudolph PIT,0.7,0.5,5.1,0.0,0.0,1.4,6.3,0.1,0.0,1.3,QB,,,,,,,,,,,,,,,,,,
Jaxson Dart NYG,0.9,0.5,5.1,0.0,0.0,0.1,1.7,0.0,0.0,0.6,QB,,,,,,,,,,,,,,,,,,
Cooper Rush BAL,0.7,0.5,6.2,0.1,0.0,0.2,1.0,0.0,0.0,0.6,QB,,,,,,,,,,,,,,,,,,
Jake Browning CIN,0.9,0.6,7.2,0.1,0.0,0.1,0.5,0.0,0.0,0.6,QB,,,,,,,,,,,,,,,,,,
Marcus Mariota WAS,0.8,0.6,5.9,0.1,0.0,0.2,0.9,0.0,0.0,0.6,QB,,,,,,,,,,,,,,,,,,
Nick Mullens JAC,0.8,0.6,6.4,0.1,0.0,0.2,0.6,0.0,0.0,0.6,QB,,,,,,,,,,,,,,,,,,
Zach Wilson MIA,0.9,0.7,6.5,0.1,0.0,0.2,0.8,0.0,0.0,0.6,QB,,,,,,,,,,,,,,,,,,
Gardner Minshew II KC,0.9,0.6,6.3,0.1,0.0,0.2,0.6,0.0,0.0,0.5,QB,,,,,,,,,,,,,,,,,,
Jacoby Brissett ARI,0.8,0.6,6.0,0.1,0.0,0.2,0.8,0.0,0.0,0.5,QB,,,,,,,,,,,,,,,,,,
Carson Wentz MIN,0.9,0.6,6.7,0.1,0.1,0.2,0.7,0.0,0.0,0.5,QB,,,,,,,,,,,,,,,,,,
Joshua Dobbs NE,0.8,0.6,5.3,0.1,0.0,0.2,0.8,0.0,0.0,0.5,QB,,,,,,,,,,,,,,,,,,
Jarrett Stidham DEN,0.9,0.5,5.6,0.1,0.0,0.2,0.6,0.0,0.0,0.5,QB,,,,,,,,,,,,,,,,,,
Mac Jones SF,0.8,0.5,5.9,0.1,0.0,0.2,0.6,0.0,0.0,0.5,QB,,,,,,,,,,,,,,,,,,
Sam Howell PHI,0.6,0.4,5.1,0.1,0.0,0.2,0.9,0.0,0.0,0.5,QB,,,,,,,,,,,,,,,,,,
Malik Willis GB,0.8,0.4,5.5,0.1,0.0,0.2,0.8,0.0,0.0,0.5,QB,,,,,,,,,,,,,,,,,,
Jimmy Garoppolo LAR,0.8,0.5,6.3,0.1,0.0,0.1,0.2,0.0,0.0,0.5,QB,,,,,,,,,,,,,,,,,,
Joe Milton III DAL,0.9,0.6,6.0,0.1,0.0,0.1,0.5,0.0,0.0,0.5,QB,,,,,,,,,,,,,,,,,,
Andy Dalton CAR,0.8,0.6,5.8,0.1,0.0,0.1,0.5,0.0,0.0,0.5,QB,,,,,,,,,,,,,,,,,,
Davis Mills HOU,0.8,0.5,5.5,0.1,0.0,0.2,0.6,0.0,0.0,0.5,QB,,,,,,,,,,,,,,,,,,
Mitchell Trubisky BUF,0.8,0.5,5.5,0.1,0.0,0.2,0.6,0.0,0.0,0.5,QB,,,,,,,,,,,,,,,,,,
Kenny Pickett LV,0.9,0.6,5.7,0.1,0.0,0.1,0.5,0.0,0.0,0.5,QB,,,,,,,,,,,,,,,,,,
Kirk Cousins ATL,0.8,0.6,6.2,0.1,0.0,0.2,0.3,0.0,0.0,0.5,QB,,,,,,,,,,,,,,,,,,
Tyrod Taylor NYJ,0.8,0.5,5.0,0.1,0.0,0.1,0.5,0.0,0.0,0.5,QB,,,,,,,,,,,,,,,,,,
Tyson Bagent CHI,0.8,0.5,4.8,0.1,0.0,0.1,0.5,0.0,0.0,0.5,QB,,,,,,,,,,,,,,,,,,
Teddy Bridgewater TB,0.6,0.5,4.7,0.1,0.0,0.1,0.3,0.0,0.0,0.5,QB,,,,,,,,,,,,,,,,,,
Tyler Shough NO,0.8,0.5,4.9,0.1,0.0,0.1,0.5,0.0,0.0,0.4,QB,,,,,,,,,,,,,,,,,,
Brandon Allen TEN,0.7,0.5,4.8,0.1,0.0,0.1,0.3,0.0,0.0,0.4,QB,,,,,,,,,,,,,,,,,,
Anthony Richardson Sr. IND,0.6,0.4,4.3,0.1,0.0,0.2,0.7,0.0,0.0,0.4,QB,,,,,,,,,,,,,,,,,,
Drew Lock SEA,0.7,0.5,4.6,0.1,0.1,0.1,0.5,0.0,0.0,0.4,QB,,,,,,,,,,,,,,,,,,
Dillon Gabriel CLE,0.6,0.4,3.7,0.1,0.0,0.1,0.3,0.0,0.0,0.4,QB,,,,,,,,,,,,,,,,,,
Trey Lance LAC,0.8,0.5,5.0,0.0,0.0,0.2,0.6,0.0,0.0,0.3,QB,,,,,,,,,,,,,,,,,,
Kyle Allen DET,0.5,0.4,4.8,0.0,0.0,0.1,0.1,0.0,0.0,0.2,QB,,,,,,,,,,,,,,,,,,
Josh Johnson WAS,0.0,0.0,0.0,0.0,0.0,0.0,0.0,0.0,0.0,0.0,QB,,,,,,,,,,,,,,,,,,
Case Keenum CHI,0.0,0.0,0.0,0.0,0.0,0.0,0.0,0.0,0.0,0.0,QB,,,,,,,,,,,,,,,,,,
Jameis Winston NYG,0.0,0.0,0.0,0.0,0.0,0.0,0.0,0.0,0.0,0.0,QB,,,,,,,,,,,,,,,,,,
Trevor Siemian TEN,0.0,0.0,0.0,0.0,0.0,0.0,0.0,0.0,0.0,0.0,QB,,,,,,,,,,,,,,,,,,
Jeff Driskel LV,0.0,0.0,0.0,0.0,0.0,0.0,0.0,0.0,0.0,0.0,QB,,,,,,,,,,,,,,,,,,
C.J. Beathard DET,0.0,0.0,0.0,0.0,0.0,0.0,0.0,0.0,0.0,0.0,QB,,,,,,,,,,,,,,,,,,
Logan Woodside PIT,0.0,0.0,0.0,0.0,0.0,0.0,0.0,0.0,0.0,0.0,QB,,,,,,,,,,,,,,,,,,
Brett Rypien CIN,0.0,0.0,0.0,0.0,0.0,0.0,0.0,0.0,0.0,0.0,QB,,,,,,,,,,,,,,,,,,
Easton Stick ATL,0.0,0.0,0.0,0.0,0.0,0.0,0.0,0.0,0.0,0.0,QB,,,,,,,,,,,,,,,,,,
Tyler Huntley BAL,0.0,0.0,0.0,0.0,0.0,0.0,0.0,0.0,0.0,0.0,QB,,,,,,,,,,,,,,,,,,
Shane Buechele BUF,0.0,0.0,0.0,0.0,0.0,0.0,0.0,0.0,0.0,0.0,QB,,,,,,,,,,,,,,,,,,
Sam Ehlinger DEN,0.0,0.0,0.0,0.0,0.0,0.0,0.0,0.0,0.0,0.0,QB,,,,,,,,,,,,,,,,,,
Kyle McCord PHI,0.0,0.0,0.0,0.0,0.0,0.0,0.0,0.0,0.0,0.0,QB,,,,,,,,,,,,,,,,,,
Graham Mertz HOU,0.0,0.0,0.0,0.0,0.0,0.0,0.0,0.0,0.0,0.0,QB,,,,,,,,,,,,,,,,,,
Quinn Ewers MIA,0.0,0.0,0.0,0.0,0.0,0.0,0.0,0.0,0.0,0.0,QB,,,,,,,,,,,,,,,,,,
Stetson Bennett IV LAR,0.0,0.0,0.0,0.0,0.0,0.0,0.0,0.0,0.0,0.0,QB,,,,,,,,,,,,,,,,,,
Bailey Zappe CLE,0.0,0.0,0.0,0.0,0.0,0.0,0.0,0.0,0.0,0.0,QB,,,,,,,,,,,,,,,,,,
Skylar Thompson PIT,0.0,0.0,0.0,0.0,0.0,0.0,0.0,0.0,0.0,0.0,QB,,,,,,,,,,,,,,,,,,
Hendon Hooker CAR,0.0,0.0,0.0,0.0,0.0,0.0,0.0,0.0,0.0,0.0,QB,,,,,,,,,,,,,,,,,,
Chris Oladokun KC,0.0,0.0,0.0,0.0,0.0,0.0,0.0,0.0,0.0,0.0,QB,,,,,,,,,,,,,,,,,,
Jake Haener NO,0.0,0.0,0.0,0.0,0.0,0.0,0.0,0.0,0.0,0.0,QB,,,,,,,,,,,,,,,,,,
Tanner McKee PHI,0.0,0.0,0.0,0.0,0.0,0.0,0.0,0.0,0.0,0.0,QB,,,,,,,,,,,,,,,,,,
Clayton Tune GB,0.0,0.0,0.0,0.0,0.0,0.0,0.0,0.0,0.0,0.0,QB,,,,,,,,,,,,,,,,,,
Riley Leonard IND,0.0,0.0,0.0,0.0,0.0,0.0,0.0,0.0,0.0,0.0,QB,,,,,,,,,,,,,,,,,,
Tommy DeVito NE,0.0,0.0,0.0,0.0,0.0,0.0,0.0,0.0,0.0,0.0,QB,,,,,,,,,,,,,,,,,,
Shedeur Sanders CLE,0.0,0.0,0.0,0.0,0.0,0.0,0.0,0.0,0.0,0.0,QB,,,,,,,,,,,,,,,,,,
Kurtis Rourke SF,0.0,0.0,0.0,0.0,0.0,0.0,0.0,0.0,0.0,0.0,QB,,,,,,,,,,,,,,,,,,
Cam Miller LV,0.0,0.0,0.0,0.0,0.0,0.0,0.0,0.0,0.0,0.0,QB,,,,,,,,,,,,,,,,,,
Saquon Barkley PHI,,,,,,20.4,105.7,0.8,0.1,17.8,RB,2.4,18.5,0.1,,,,,,,,,,,,,,,
Bijan Robinson ATL,,,,,,18.4,83.2,0.7,0.1,15.7,RB,3.5,26.3,0.1,,,,,,,,,,,,,,,
Derrick Henry BAL,,,,,,17.6,91.3,0.8,0.1,15.1,RB,1.3,10.2,0.1,,,,,,,,,,,,,,,
Jonathan Taylor IND,,,,,,19.0,89.4,0.8,0.1,15.0,RB,1.8,12.4,0.1,,,,,,,,,,,,,,,
Jahmyr Gibbs DET,,,,,,14.4,73.6,0.6,0.1,14.7,RB,3.3,27.9,0.1,,,,,,,,,,,,,,,
Christian McCaffrey SF,,,,,,14.7,69.4,0.5,0.1,14.3,RB,3.9,33.7,0.2,,,,,,,,,,,,,,,
De'Von Achane MIA,,,,,,13.6,64.9,0.5,0.1,13.7,RB,4.2,31.3,0.2,,,,,,,,,,,,,,,
Kyren Williams LAR,,,,,,18.5,77.4,0.7,0.1,13.7,RB,2.0,12.7,0.1,,,,,,,,,,,,,,,
Bucky Irving TB,,,,,,15.5,77.0,0.5,0.1,13.6,RB,2.9,21.5,0.1,,,,,,,,,,,,,,,
Josh Jacobs GB,,,,,,17.3,72.2,0.7,0.1,13.6,RB,2.4,19.8,0.1,,,,,,,,,,,,,,,
Ashton Jeanty LV,,,,,,16.0,72.1,0.5,0.1,13.1,RB,2.6,22.2,0.1,,,,,,,,,,,,,,,
Chase Brown CIN,,,,,,15.8,69.7,0.5,0.1,13.0,RB,3.3,23.9,0.1,,,,,,,,,,,,,,,
Chuba Hubbard CAR,,,,,,16.7,73.0,0.6,0.1,12.4,RB,2.4,14.3,0.1,,,,,,,,,,,,,,,
James Conner ARI,,,,,,14.5,68.0,0.5,0.1,12.2,RB,2.4,19.7,0.1,,,,,,,,,,,,,,,
Alvin Kamara NO,,,,,,13.8,58.6,0.3,0.1,11.7,RB,4.1,30.6,0.1,,,,,,,,,,,,,,,
Kenneth Walker III SEA,,,,,,15.0,60.2,0.5,0.1,11.6,RB,2.7,18.6,0.1,,,,,,,,,,,,,,,
James Cook BUF,,,,,,13.8,60.5,0.5,0.1,11.4,RB,2.2,17.3,0.1,,,,,,,,,,,,,,,
Omarion Hampton LAC,,,,,,14.1,61.1,0.5,0.1,11.1,RB,2.1,17.4,0.1,,,,,,,,,,,,,,,
TreVeyon Henderson NE,,,,,,13.8,63.4,0.4,0.1,11.1,RB,2.2,18.9,0.1,,,,,,,,,,,,,,,
Tony Pollard TEN,,,,,,16.7,67.2,0.4,0.1,10.9,RB,2.8,18.0,0.1,,,,,,,,,,,,,,,
Aaron Jones Sr. MIN,,,,,,12.7,58.2,0.3,0.1,10.4,RB,2.8,20.8,0.1,,,,,,,,,,,,,,,
Tyrone Tracy Jr. NYG,,,,,,13.2,59.8,0.3,0.1,10.2,RB,2.1,17.0,0.1,,,,,,,,,,,,,,,
Jerome Ford CLE,,,,,,12.3,55.9,0.3,0.1,10.1,RB,2.7,20.0,0.1,,,,,,,,,,,,,,,
Breece Hall NYJ,,,,,,13.4,55.3,0.3,0.1,10.1,RB,2.8,22.9,0.1,,,,,,,,,,,,,,,
Jaylen Warren PIT,,,,,,12.7,56.5,0.3,0.1,9.9,RB,3.3,22.9,0.1,,,,,,,,,,,,,,,
D'Andre Swift CHI,,,,,,14.0,56.3,0.4,0.1,9.8,RB,2.3,16.4,0.1,,,,,,,,,,,,,,,
Isiah Pacheco KC,,,,,,13.5,58.2,0.3,0.1,9.7,RB,2.2,15.5,0.1,,,,,,,,,,,,,,,
David Montgomery DET,,,,,,11.6,48.1,0.5,0.1,9.1,RB,1.7,14.0,0.0,,,,,,,,,,,,,,,
RJ Harvey DEN,,,,,,11.1,49.1,0.4,0.1,9.0,RB,2.1,16.2,0.1,,,,,,,,,,,,,,,
Jacory Croskey-Merritt WAS,,,,,,11.9,52.5,0.4,0.1,8.9,RB,1.3,11.3,0.1,,,,,,,,,,,,,,,
Travis Etienne Jr. JAC,,,,,,11.4,48.1,0.3,0.0,8.8,RB,2.3,19.1,0.1,,,,,,,,,,,,,,,
J.K. Dobbins DEN,,,,,,10.6,48.5,0.4,0.1,8.5,RB,1.9,12.4,0.1,,,,,,,,,,,,,,,
Austin Ekeler WAS,,,,,,7.9,35.5,0.4,0.1,8.3,RB,2.8,22.7,0.1,,,,,,,,,,,,,,,
Javonte Williams DAL,,,,,,12.2,47.7,0.3,0.1,8.1,RB,2.4,13.8,0.1,,,,,,,,,,,,,,,
Tank Bigsby PHI,,,,,,10.3,47.0,0.4,0.1,7.6,RB,0.7,5.7,0.0,,,,,,,,,,,,,,,
Nick Chubb HOU,,,,,,10.7,46.2,0.3,0.1,7.5,RB,1.0,7.8,0.0,,,,,,,,,,,,,,,
Zach Charbonnet SEA,,,,,,8.3,36.7,0.3,0.0,7.5,RB,2.2,15.9,0.1,,,,,,,,,,,,,,,
Rhamondre Stevenson NE,,,,,,10.3,41.6,0.3,0.1,7.4,RB,1.5,9.9,0.1,,,,,,,,,,,,,,,
Dylan Sampson CLE,,,,,,8.7,41.0,0.3,0.1,7.3,RB,1.5,12.5,0.1,,,,,,,,,,,,,,,
Jordan Mason MIN,,,,,,9.5,46.1,0.3,0.1,7.0,RB,1.0,7.4,0.0,,,,,,,,,,,,,,,
Ollie Gordon II MIA,,,,,,8.5,36.1,0.2,0.1,6.3,RB,1.3,9.4,0.1,,,,,,,,,,,,,,,
Rachaad White TB,,,,,,6.9,25.9,0.2,0.1,6.0,RB,2.4,16.8,0.1,,,,,,,,,,,,,,,
Trey Benson ARI,,,,,,8.1,37.0,0.2,0.0,5.7,RB,1.0,7.5,0.0,,,,,,,,,,,,,,,
Kaleb Johnson PIT,,,,,,7.7,33.5,0.2,0.1,5.6,RB,0.8,7.2,0.0,,,,,,,,,,,,,,,
Braelon Allen NYJ,,,,,,7.6,29.4,0.1,0.0,4.8,RB,1.0,8.0,0.0,,,,,,,,,,,,,,,
Justice Hill BAL,,,,,,4.6,18.7,0.1,0.0,4.7,RB,2.1,15.8,0.1,,,,,,,,,,,,,,,
Tyler Allgeier ATL,,,,,,6.8,29.6,0.2,0.0,4.7,RB,0.8,5.8,0.0,,,,,,,,,,,,,,,
Bhayshul Tuten JAC,,,,,,5.7,24.9,0.2,0.1,4.6,RB,1.0,8.7,0.1,,,,,,,,,,,,,,,
Rico Dowdle CAR,,,,,,5.7,25.8,0.1,0.0,4.5,RB,1.5,9.9,0.1,,,,,,,,,,,,,,,
Cam Skattebo NYG,,,,,,5.7,25.0,0.2,0.1,4.4,RB,1.0,8.6,0.0,,,,,,,,,,,,,,,
Woody Marks HOU,,,,,,4.9,20.3,0.1,0.0,4.4,RB,1.5,12.1,0.1,,,,,,,,,,,,,,,
Kareem Hunt KC,,,,,,5.8,21.7,0.2,0.0,4.4,RB,1.1,7.4,0.1,,,,,,,,,,,,,,,
Ray Davis BUF,,,,,,6.8,23.9,0.2,0.0,4.3,RB,0.7,5.7,0.1,,,,,,,,,,,,,,,
Kendre Miller NO,,,,,,6.3,25.0,0.2,0.0,4.2,RB,0.7,5.6,0.0,,,,,,,,,,,,,,,
Dameon Pierce HOU,,,,,,6.8,27.8,0.1,0.0,4.1,RB,0.7,5.6,0.0,,,,,,,,,,,,,,,
Najee Harris LAC,,,,,,5.7,22.6,0.2,0.0,4.1,RB,0.9,6.6,0.0,,,,,,,,,,,,,,,
Miles Sanders DAL,,,,,,7.4,26.0,0.1,0.0,4.1,RB,1.0,6.0,0.0,,,,,,,,,,,,,,,
Blake Corum LAR,,,,,,6.3,22.3,0.1,0.0,3.8,RB,0.8,6.1,0.0,,,,,,,,,,,,,,,
Brian Robinson Jr. SF,,,,,,6.4,24.5,0.2,0.1,3.8,RB,0.4,3.3,0.0,,,,,,,,,,,,,,,
Kyle Monangai CHI,,,,,,5.8,20.8,0.2,0.0,3.7,RB,0.6,5.4,0.0,,,,,,,,,,,,,,,
Roschon Johnson CHI,,,,,,4.3,13.5,0.2,0.0,3.7,RB,1.1,7.5,0.1,,,,,,,,,,,,,,,
Emanuel Wilson GB,,,,,,4.2,19.2,0.1,0.0,3.4,RB,0.6,4.7,0.0,,,,,,,,,,,,,,,
Devin Singletary NYG,,,,,,4.0,19.8,0.1,0.0,3.3,RB,0.8,4.9,0.0,,,,,,,,,,,,,,,
Kenneth Gainwell PIT,,,,,,4.7,17.9,0.1,0.0,3.2,RB,0.9,6.4,0.0,,,,,,,,,,,,,,,
Samaje Perine CIN,,,,,,3.1,13.4,0.1,0.1,3.0,RB,1.1,10.6,0.0,,,,,,,,,,,,,,,
DJ Giddens IND,,,,,,3.5,15.6,0.1,0.0,3.0,RB,0.6,4.9,0.0,,,,,,,,,,,,,,,
Julius Chestnut TEN,,,,,,4.3,15.8,0.1,0.0,2.9,RB,1.0,7.3,0.0,,,,,,,,,,,,,,,
Ty Johnson BUF,,,,,,2.7,11.1,0.1,0.0,2.9,RB,0.9,9.6,0.1,,,,,,,,,,,,,,,
Jeremy McNichols WAS,,,,,,3.5,16.0,0.2,0.1,2.8,RB,0.4,2.3,0.0,,,,,,,,,,,,,,,
Antonio Gibson NE,,,,,,3.3,14.2,0.1,0.0,2.8,RB,1.0,8.2,0.0,,,,,,,,,,,,,,,
Tahj Brooks CIN,,,,,,3.5,13.1,0.1,0.0,2.7,RB,0.6,5.7,0.0,,,,,,,,,,,,,,,
Zamir White LV,,,,,,4.2,15.9,0.1,0.0,2.7,RB,0.7,4.9,0.0,,,,,,,,,,,,,,,
Trevor Etienne CAR,,,,,,2.8,11.1,0.1,0.0,2.4,RB,0.6,5.4,0.0,,,,,,,,,,,,,,,
Devin Neal NO,,,,,,3.1,13.1,0.1,0.0,2.3,RB,0.4,3.1,0.0,,,,,,,,,,,,,,,
Will Shipley PHI,,,,,,2.5,12.8,0.1,0.0,2.2,RB,0.5,4.3,0.0,,,,,,,,,,,,,,,
Sean Tucker TB,,,,,,2.7,13.4,0.1,0.0,2.2,RB,0.3,2.7,0.0,,,,,,,,,,,,,,,
Isaac Guerendo SF,,,,,,3.2,11.9,0.1,0.0,2.1,RB,0.4,3.4,0.0,,,,,,,,,,,,,,,
Chris Brooks GB,,,,,,2.4,12.2,0.1,0.0,2.0,RB,0.5,3.3,0.0,,,,,,,,,,,,,,,
Tyler Badie DEN,,,,,,2.3,10.5,0.0,0.0,1.9,RB,0.6,4.1,0.0,,,,,,,,,,,,,,,
Brashard Smith KC,,,,,,2.5,10.5,0.1,0.0,1.9,RB,0.4,2.9,0.0,,,,,,,,,,,,,,,
Raheem Mostert LV,,,,,,2.0,8.0,0.0,0.0,1.8,RB,1.0,7.0,0.1,,,,,,,,,,,,,,,
Quinshon Judkins CLE,,,,,,1.5,6.4,0.1,0.0,1.7,RB,0.8,6.3,0.0,,,,,,,,,,,,,,,
Hassan Haskins LAC,,,,,,2.0,6.5,0.1,0.1,1.7,RB,0.6,4.4,0.0,,,,,,,,,,,,,,,
Emari Demercado ARI,,,,,,1.5,9.3,0.1,0.0,1.7,RB,0.5,3.7,0.0,,,,,,,,,,,,,,,
A.J. Dillon PHI,,,,,,2.3,8.3,0.1,0.0,1.4,RB,0.2,1.5,0.0,,,,,,,,,,,,,,,
Kyle Juszczyk SF,,,,,,0.3,1.4,0.0,0.1,1.3,RB,1.0,8.8,0.1,,,,,,,,,,,,,,,
Dylan Laube LV,,,,,,1.6,6.0,0.0,0.0,1.2,RB,0.4,3.1,0.0,,,,,,,,,,,,,,,
Dare Ogunbowale HOU,,,,,,1.0,4.6,0.0,0.0,1.2,RB,0.7,5.4,0.0,,,,,,,,,,,,,,,
Isaiah Davis NYJ,,,,,,1.7,7.0,0.1,0.0,1.2,RB,0.2,1.5,0.0,,,,,,,,,,,,,,,
Kimani Vidal LAC,,,,,,1.6,5.7,0.0,0.0,1.2,RB,0.3,2.9,0.1,,,,,,,,,,,,,,,
LeQuint Allen Jr. JAC,,,,,,1.0,4.9,0.1,0.0,1.0,RB,0.2,1.7,0.0,,,,,,,,,,,,,,,
Ty Chandler MIN,,,,,,1.4,6.4,0.0,0.0,1.0,RB,0.2,1.6,0.0,,,,,,,,,,,,,,,
Kalel Mullings TEN,,,,,,0.9,4.6,0.1,0.0,0.9,RB,0.1,1.3,0.0,,,,,,,,,,,,,,,
Alec Ingold MIA,,,,,,0.6,1.6,0.1,0.0,0.9,RB,0.5,3.8,0.0,,,,,,,,,,,,,,,
Raheim Sanders CLE,,,,,,1.7,4.5,0.1,0.0,0.9,RB,0.1,1.1,0.0,,,,,,,,,,,,,,,
Craig Reynolds DET,,,,,,1.0,3.7,0.0,0.0,0.6,RB,0.2,2.0,0.0,,,,,,,,,,,,,,,
George Holani SEA,,,,,,0.0,5.5,0.0,0.0,0.6,RB,0.1,1.1,0.0,,,,,,,,,,,,,,,
Hunter Luepke DAL,,,,,,0.6,2.0,0.0,0.0,0.5,RB,0.3,2.8,0.0,,,,,,,,,,,,,,,
Andrew Beck NYJ,,,,,,0.1,0.1,0.1,0.0,0.4,RB,0.2,0.6,0.0,,,,,,,,,,,,,,,
Rasheen Ali BAL,,,,,,0.3,1.2,0.0,0.0,0.3,RB,0.1,0.8,0.0,,,,,,,,,,,,,,,
Robbie Ouzts SEA,,,,,,0.0,0.0,0.0,0.0,0.2,RB,0.1,0.9,0.0,,,,,,,,,,,,,,,
Scott Matlock LAC,,,,,,0.0,0.0,0.0,0.0,0.1,RB,0.1,0.9,0.0,,,,,,,,,,,,,,,
Jakob Johnson HOU,,,,,,0.1,0.3,0.0,0.0,0.1,RB,0.1,0.4,0.0,,,,,,,,,,,,,,,
Reggie Gilliam BUF,,,,,,0.2,0.4,0.0,0.0,0.1,RB,0.0,0.1,0.0,,,,,,,,,,,,,,,
Adam Prentice DEN,,,,,,0.1,0.3,0.0,0.0,0.0,RB,0.0,0.1,0.0,,,,,,,,,,,,,,,
Eric Gray NYG,,,,,,0.0,0.0,0.0,0.0,0.0,RB,0.0,0.0,0.0,,,,,,,,,,,,,,,
C.J. Ham MIN,,,,,,0.0,0.0,0.0,0.0,0.0,RB,0.0,0.0,0.0,,,,,,,,,,,,,,,
Patrick Ricard BAL,,,,,,0.0,0.0,0.0,0.0,0.0,RB,0.0,0.0,0.0,,,,,,,,,,,,,,,
Jeff Wilson Jr. MIA,,,,,,0.0,0.0,0.0,0.0,0.0,RB,0.0,0.0,0.0,,,,,,,,,,,,,,,
Travis Homer CHI,,,,,,0.0,0.0,0.0,0.0,0.0,RB,0.0,0.0,0.0,,,,,,,,,,,,,,,
D'Ernest Johnson BAL,,,,,,0.0,0.0,0.0,0.0,0.0,RB,0.0,0.0,0.0,,,,,,,,,,,,,,,
Clyde Edwards-Helaire KC,,,,,,0.0,0.0,0.0,0.0,0.0,RB,0.0,0.0,0.0,,,,,,,,,,,,,,,
Trey Sermon PIT,,,,,,0.0,0.0,0.0,0.0,0.0,RB,0.0,0.0,0.0,,,,,,,,,,,,,,,
Salvon Ahmed IND,,,,,,0.0,0.0,0.0,0.0,0.0,RB,0.0,0.0,0.0,,,,,,,,,,,,,,,
DeeJay Dallas CAR,,,,,,0.0,0.0,0.0,0.0,0.0,RB,0.0,0.0,0.0,,,,,,,,,,,,,,,
JaMycal Hasty MIA,,,,,,0.0,0.0,0.0,0.0,0.0,RB,0.0,0.0,0.0,,,,,,,,,,,,,,,
Michael Carter ARI,,,,,,0.0,0.0,0.0,0.0,0.0,RB,0.0,0.0,0.0,,,,,,,,,,,,,,,
Elijah Mitchell KC,,,,,,0.0,0.0,0.0,0.0,0.0,RB,0.0,0.0,0.0,,,,,,,,,,,,,,,
Keilan Robinson NYJ,,,,,,0.0,0.0,0.0,0.0,0.0,RB,0.0,0.0,0.0,,,,,,,,,,,,,,,
Kendall Milton CIN,,,,,,0.0,0.0,0.0,0.0,0.0,RB,0.0,0.0,0.0,,,,,,,,,,,,,,,
Tyler Goodson IND,,,,,,0.0,0.0,0.0,0.0,0.0,RB,0.0,0.0,0.0,,,,,,,,,,,,,,,
Deuce Vaughn DEN,,,,,,0.0,0.0,0.0,0.0,0.0,RB,0.0,0.0,0.0,,,,,,,,,,,,,,,
Audric Estime PHI,,,,,,0.0,0.0,0.0,0.0,0.0,RB,0.0,0.0,0.0,,,,,,,,,,,,,,,
Sincere McCormick SF,,,,,,0.0,0.0,0.0,0.0,0.0,RB,0.0,0.0,0.0,,,,,,,,,,,,,,,
Kene Nwangwu NYJ,,,,,,0.0,0.0,0.0,0.0,0.0,RB,0.0,0.0,0.0,,,,,,,,,,,,,,,
Gary Brightwell CIN,,,,,,0.0,0.0,0.0,0.0,0.0,RB,0.0,0.0,0.0,,,,,,,,,,,,,,,
Ronnie Rivers LAR,,,,,,0.0,0.0,0.0,0.0,0.0,RB,0.0,0.0,0.0,,,,,,,,,,,,,,,
Pierre Strong Jr. GB,,,,,,0.0,0.0,0.0,0.0,0.0,RB,0.0,0.0,0.0,,,,,,,,,,,,,,,
Malik Davis DAL,,,,,,0.0,0.0,0.0,0.0,0.0,RB,0.0,0.0,0.0,,,,,,,,,,,,,,,
Velus Jones Jr. NO,,,,,,0.0,0.0,0.0,0.0,0.0,RB,0.0,0.0,0.0,,,,,,,,,,,,,,,
Jarquez Hunter LAR,,,,,,0.0,0.0,0.0,0.0,0.0,RB,0.0,0.0,0.0,,,,,,,,,,,,,,,
Jaydon Blue DAL,,,,,,0.0,0.0,0.0,0.0,0.0,RB,0.0,0.0,0.0,,,,,,,,,,,,,,,
Brittain Brown CHI,,,,,,0.0,0.0,0.0,0.0,0.0,RB,0.0,0.0,0.0,,,,,,,,,,,,,,,
Zonovan Knight ARI,,,,,,0.0,0.0,0.0,0.0,0.0,RB,0.0,0.0,0.0,,,,,,,,,,,,,,,
Xazavian Valladay MIN,,,,,,0.0,0.0,0.0,0.0,0.0,RB,0.0,0.0,0.0,,,,,,,,,,,,,,,
Keaton Mitchell BAL,,,,,,0.0,0.0,0.0,0.0,0.0,RB,0.0,0.0,0.0,,,,,,,,,,,,,,,
Lew Nichols III PIT,,,,,,0.0,0.0,0.0,0.0,0.0,RB,0.0,0.0,0.0,,,,,,,,,,,,,,,
Carlos Washington Jr. ATL,,,,,,0.0,0.0,0.0,0.0,0.0,RB,0.0,0.0,0.0,,,,,,,,,,,,,,,
Jacob Saylors DET,,,,,,0.0,0.0,0.0,0.0,0.0,RB,0.0,0.0,0.0,,,,,,,,,,,,,,,
Ben VanSumeren PHI,,,,,,0.0,0.0,0.0,0.0,0.0,RB,0.0,0.0,0.0,,,,,,,,,,,,,,,
Brady Russell SEA,,,,,,0.0,0.0,0.0,0.0,0.0,RB,0.0,0.0,0.0,,,,,,,,,,,,,,,
Deneric Prince NE,,,,,,0.0,0.0,0.0,0.0,0.0,RB,0.0,0.0,0.0,,,,,,,,,,,,,,,
Jordan Mims TEN,,,,,,0.0,0.0,0.0,0.0,0.0,RB,0.0,0.0,0.0,,,,,,,,,,,,,,,
Jaleel McLaughlin DEN,,,,,,0.0,0.0,0.0,0.0,0.0,RB,0.0,0.0,0.0,,,,,,,,,,,,,,,
Damien Martinez SEA,,,,,,0.0,0.0,0.0,0.0,0.0,RB,0.0,0.0,0.0,,,,,,,,,,,,,,,
Frank Gore Jr. BUF,,,,,,0.0,0.0,0.0,0.0,0.0,RB,0.0,0.0,0.0,,,,,,,,,,,,,,,
Jaylen Wright MIA,,,,,,0.0,0.0,0.0,0.0,0.0,RB,0.0,0.0,0.0,,,,,,,,,,,,,,,
Cody Schrader JAC,,,,,,0.0,0.0,0.0,0.0,0.0,RB,0.0,0.0,0.0,,,,,,,,,,,,,,,
Sione Vaki DET,,,,,,0.0,0.0,0.0,0.0,0.0,RB,0.0,0.0,0.0,,,,,,,,,,,,,,,
Jawhar Jordan HOU,,,,,,0.0,0.0,0.0,0.0,0.0,RB,0.0,0.0,0.0,,,,,,,,,,,,,,,
Carson Steele KC,,,,,,0.0,0.0,0.0,0.0,0.0,RB,0.0,0.0,0.0,,,,,,,,,,,,,,,
Dante Miller NYG,,,,,,0.0,0.0,0.0,0.0,0.0,RB,0.0,0.0,0.0,,,,,,,,,,,,,,,
Chris Collier LV,,,,,,0.0,0.0,0.0,0.0,0.0,RB,0.0,0.0,0.0,,,,,,,,,,,,,,,
British Brooks HOU,,,,,,0.0,0.0,0.0,0.0,0.0,RB,0.0,0.0,0.0,,,,,,,,,,,,,,,
Terrell Jennings NE,,,,,,0.0,0.0,0.0,0.0,0.0,RB,0.0,0.0,0.0,,,,,,,,,,,,,,,
Jordan James SF,,,,,,0.0,0.0,0.0,0.0,0.0,RB,0.0,0.0,0.0,,,,,,,,,,,,,,,
Josh Williams TB,,,,,,0.0,0.0,0.0,0.0,0.0,RB,0.0,0.0,0.0,,,,,,,,,,,,,,,
Nathan Carter ATL,,,,,,0.0,0.0,0.0,0.0,0.0,RB,0.0,0.0,0.0,,,,,,,,,,,,,,,
Ja'Marr Chase CIN,,,,,,0.1,0.7,0.0,0.0,14.2,WR,7.1,96.3,0.8,,,,,,,,,,,,,,,
Justin Jefferson MIN,,,,,,0.0,0.0,0.0,0.0,13.0,WR,6.5,96.5,0.6,,,,,,,,,,,,,,,
Nico Collins HOU,,,,,,0.0,0.1,0.0,0.0,11.8,WR,6.0,87.6,0.5,,,,,,,,,,,,,,,
CeeDee Lamb DAL,,,,,,0.4,2.6,0.0,0.1,11.6,WR,6.7,85.3,0.5,,,,,,,,,,,,,,,
Brian Thomas Jr. JAC,,,,,,0.1,1.2,0.0,0.0,11.6,WR,5.5,79.7,0.6,,,,,,,,,,,,,,,
Malik Nabers NYG,,,,,,0.1,0.7,0.0,0.0,11.5,WR,6.6,83.6,0.5,,,,,,,,,,,,,,,
Mike Evans TB,,,,,,0.0,0.0,0.0,0.0,11.3,WR,5.6,73.7,0.7,,,,,,,,,,,,,,,
Puka Nacua LAR,,,,,,0.5,2.5,0.0,0.0,11.0,WR,6.1,81.7,0.4,,,,,,,,,,,,,,,
A.J. Brown PHI,,,,,,0.0,0.0,0.0,0.0,11.0,WR,5.3,77.2,0.5,,,,,,,,,,,,,,,
Amon-Ra St. Brown DET,,,,,,0.1,0.6,0.0,0.0,10.7,WR,6.6,75.4,0.5,,,,,,,,,,,,,,,
Tyreek Hill MIA,,,,,,0.4,2.1,0.0,0.0,10.5,WR,5.7,73.8,0.5,,,,,,,,,,,,,,,
Drake London ATL,,,,,,0.0,0.1,0.0,0.0,10.4,WR,5.9,76.6,0.5,,,,,,,,,,,,,,,
Ladd McConkey LAC,,,,,,0.0,0.1,0.0,0.0,10.1,WR,5.6,75.0,0.4,,,,,,,,,,,,,,,
Tee Higgins CIN,,,,,,0.0,0.0,0.0,0.1,10.1,WR,5.2,69.0,0.6,,,,,,,,,,,,,,,
Xavier Worthy KC,,,,,,0.7,4.2,0.1,0.0,10.1,WR,5.2,64.1,0.5,,,,,,,,,,,,,,,
Terry McLaurin WAS,,,,,,0.1,0.3,0.0,0.0,10.0,WR,5.0,66.9,0.5,,,,,,,,,,,,,,,
Courtland Sutton DEN,,,,,,0.0,0.0,0.0,0.1,9.4,WR,4.9,64.6,0.5,,,,,,,,,,,,,,,
Davante Adams LAR,,,,,,0.0,0.0,0.0,0.0,9.4,WR,5.0,65.9,0.5,,,,,,,,,,,,,,,
DK Metcalf PIT,,,,,,0.0,0.0,0.0,0.1,9.4,WR,4.5,68.6,0.4,,,,,,,,,,,,,,,
Jaxon Smith-Njigba SEA,,,,,,0.2,1.1,0.0,0.0,9.2,WR,5.6,67.5,0.4,,,,,,,,,,,,,,,
Zay Flowers BAL,,,,,,0.3,2.3,0.0,0.0,9.2,WR,5.1,66.4,0.4,,,,,,,,,,,,,,,
Marvin Harrison Jr. ARI,,,,,,0.0,0.2,0.0,0.1,9.0,WR,4.5,65.7,0.4,,,,,,,,,,,,,,,
Jerry Jeudy CLE,,,,,,0.0,0.2,0.0,0.0,9.0,WR,5.3,73.3,0.3,,,,,,,,,,,,,,,
DeVonta Smith PHI,,,,,,0.0,0.1,0.0,0.0,8.8,WR,4.8,61.7,0.5,,,,,,,,,,,,,,,
Emeka Egbuka TB,,,,,,0.1,0.7,0.0,0.1,8.5,WR,4.8,60.5,0.4,,,,,,,,,,,,,,,
Jameson Williams DET,,,,,,0.9,4.5,0.0,0.0,8.4,WR,3.7,58.4,0.3,,,,,,,,,,,,,,,
DJ Moore CHI,,,,,,0.4,2.1,0.0,0.1,8.3,WR,5.0,60.3,0.4,,,,,,,,,,,,,,,
Tetairoa McMillan CAR,,,,,,0.0,0.4,0.0,0.1,8.3,WR,4.7,63.3,0.3,,,,,,,,,,,,,,,
George Pickens DAL,,,,,,0.1,0.3,0.0,0.1,8.2,WR,4.2,61.6,0.4,,,,,,,,,,,,,,,
Deebo Samuel Sr. WAS,,,,,,1.5,8.2,0.1,0.1,8.2,WR,3.9,51.9,0.3,,,,,,,,,,,,,,,
Jaylen Waddle MIA,,,,,,0.2,0.9,0.0,0.0,8.2,WR,4.9,63.6,0.3,,,,,,,,,,,,,,,
Ricky Pearsall SF,,,,,,0.3,2.3,0.0,0.0,8.1,WR,4.6,59.3,0.3,,,,,,,,,,,,,,,
Garrett Wilson NYJ,,,,,,0.1,0.8,0.0,0.1,8.0,WR,5.3,63.7,0.3,,,,,,,,,,,,,,,
Calvin Ridley TEN,,,,,,0.2,1.3,0.0,0.0,7.9,WR,4.1,59.2,0.3,,,,,,,,,,,,,,,
Jakobi Meyers LV,,,,,,0.1,0.5,0.0,0.0,7.8,WR,4.9,60.1,0.3,,,,,,,,,,,,,,,
Travis Hunter JAC,,,,,,0.3,1.5,0.0,0.1,7.7,WR,4.2,54.4,0.4,,,,,,,,,,,,,,,
Jauan Jennings SF,,,,,,0.1,0.6,0.0,0.0,7.5,WR,4.5,56.4,0.3,,,,,,,,,,,,,,,
Stefon Diggs NE,,,,,,0.1,0.5,0.0,0.0,7.5,WR,4.7,54.2,0.3,,,,,,,,,,,,,,,
Matthew Golden GB,,,,,,0.0,0.5,0.0,0.1,7.5,WR,4.1,55.4,0.3,,,,,,,,,,,,,,,
Chris Olave NO,,,,,,0.0,0.2,0.0,0.1,7.4,WR,4.7,59.8,0.3,,,,,,,,,,,,,,,
Cooper Kupp SEA,,,,,,0.1,0.5,0.0,0.0,7.4,WR,4.6,52.6,0.4,,,,,,,,,,,,,,,
Rome Odunze CHI,,,,,,0.1,0.4,0.0,0.1,7.2,WR,4.0,54.3,0.3,,,,,,,,,,,,,,,
Michael Pittman Jr. IND,,,,,,0.0,0.1,0.0,0.1,7.2,WR,4.9,55.1,0.3,,,,,,,,,,,,,,,
Rashid Shaheed NO,,,,,,0.4,2.1,0.0,0.1,7.1,WR,3.5,52.6,0.3,,,,,,,,,,,,,,,
Keon Coleman BUF,,,,,,0.0,0.2,0.0,0.0,6.8,WR,3.3,50.0,0.3,,,,,,,,,,,,,,,
Khalil Shakir BUF,,,,,,0.0,0.2,0.0,0.0,6.7,WR,4.4,51.4,0.3,,,,,,,,,,,,,,,
Jayden Reed GB,,,,,,0.0,5.1,0.1,0.1,6.1,WR,3.0,37.4,0.3,,,,,,,,,,,,,,,
Josh Downs IND,,,,,,0.0,0.2,0.0,0.0,6.4,WR,4.2,47.5,0.3,,,,,,,,,,,,,,,
Rashod Bateman BAL,,,,,,0.0,0.1,0.0,0.0,6.4,WR,3.2,45.0,0.3,,,,,,,,,,,,,,,
Marvin Mims Jr. DEN,,,,,,0.5,2.3,0.0,0.0,6.4,WR,3.3,43.2,0.3,,,,,,,,,,,,,,,
Marquise Brown KC,,,,,,0.0,0.2,0.0,0.0,6.3,WR,3.7,45.7,0.3,,,,,,,,,,,,,,,
Cedric Tillman CLE,,,,,,0.0,0.0,0.0,0.1,6.1,WR,3.6,45.0,0.3,,,,,,,,,,,,,,,
Xavier Legette CAR,,,,,,0.4,1.7,0.0,0.0,5.7,WR,3.3,39.6,0.3,,,,,,,,,,,,,,,
Keenan Allen LAC,,,,,,0.0,0.1,0.0,0.0,5.5,WR,3.4,40.1,0.3,,,,,,,,,,,,,,,
Romeo Doubs GB,,,,,,0.0,0.0,0.0,0.0,5.5,WR,3.1,39.9,0.3,,,,,,,,,,,,,,,
DeMario Douglas NE,,,,,,0.1,1.2,0.0,0.0,5.3,WR,3.6,39.4,0.2,,,,,,,,,,,,,,,
Adam Thielen MIN,,,,,,0.0,0.1,0.0,0.0,5.3,WR,3.4,37.8,0.3,,,,,,,,,,,,,,,
Wan'Dale Robinson NYG,,,,,,0.1,1.2,0.0,0.0,5.1,WR,4.0,38.1,0.2,,,,,,,,,,,,,,,
Jayden Higgins HOU,,,,,,0.0,0.2,0.0,0.0,5.1,WR,3.0,39.4,0.2,,,,,,,,,,,,,,,
Joshua Palmer BUF,,,,,,0.0,0.0,0.0,0.0,5.1,WR,2.8,38.5,0.2,,,,,,,,,,,,,,,
Jalen Nailor MIN,,,,,,0.1,0.3,0.0,0.0,4.6,WR,2.3,32.0,0.2,,,,,,,,,,,,,,,
Michael Wilson ARI,,,,,,0.1,0.5,0.0,0.0,4.6,WR,2.6,32.9,0.2,,,,,,,,,,,,,,,
Calvin Austin III PIT,,,,,,0.1,0.8,0.0,0.0,4.6,WR,2.4,32.6,0.2,,,,,,,,,,,,,,,
Tyler Lockett TEN,,,,,,0.0,0.0,0.0,0.0,4.6,WR,3.0,35.0,0.2,,,,,,,,,,,,,,,
Alec Pierce IND,,,,,,0.0,0.0,0.0,0.0,4.5,WR,1.9,31.6,0.2,,,,,,,,,,,,,,,
Ray-Ray McCloud III ATL,,,,,,0.4,3.1,0.0,0.1,4.5,WR,3.1,33.4,0.2,,,,,,,,,,,,,,,
DeAndre Hopkins BAL,,,,,,0.0,0.1,0.0,0.0,4.4,WR,2.3,28.3,0.3,,,,,,,,,,,,,,,
Darius Slayton NYG,,,,,,0.1,0.4,0.0,0.0,4.3,WR,2.0,31.5,0.2,,,,,,,,,,,,,,,
Tre Tucker LV,,,,,,0.3,1.7,0.0,0.0,4.2,WR,2.2,29.2,0.2,,,,,,,,,,,,,,,
Dont'e Thornton Jr. LV,,,,,,0.0,0.1,0.0,0.0,4.1,WR,2.6,31.2,0.2,,,,,,,,,,,,,,,
Nick Westbrook-Ikhine MIA,,,,,,0.0,0.1,0.0,0.0,4.1,WR,2.0,27.2,0.2,,,,,,,,,,,,,,,
Quentin Johnston LAC,,,,,,0.1,0.3,0.0,0.0,4.0,WR,2.1,27.8,0.2,,,,,,,,,,,,,,,
Tory Horton SEA,,,,,,0.1,0.5,0.0,0.1,3.8,WR,2.4,28.9,0.2,,,,,,,,,,,,,,,
JuJu Smith-Schuster KC,,,,,,0.0,0.0,0.0,0.0,3.7,WR,2.4,26.8,0.2,,,,,,,,,,,,,,,
Christian Kirk HOU,,,,,,0.0,0.0,0.0,0.0,3.7,WR,2.0,27.5,0.2,,,,,,,,,,,,,,,
Josh Reynolds NYJ,,,,,,0.0,0.0,0.0,0.0,3.6,WR,1.9,26.7,0.2,,,,,,,,,,,,,,,
Kayshon Boutte NE,,,,,,0.0,0.1,0.0,0.0,3.6,WR,1.9,26.3,0.2,,,,,,,,,,,,,,,
Andrei Iosivas CIN,,,,,,0.0,0.0,0.0,0.0,3.6,WR,1.8,23.0,0.2,,,,,,,,,,,,,,,
Dyami Brown JAC,,,,,,0.0,0.4,0.0,0.0,3.6,WR,2.1,27.6,0.1,,,,,,,,,,,,,,,
Brandin Cooks NO,,,,,,0.1,0.3,0.0,0.0,3.5,WR,2.1,24.2,0.2,,,,,,,,,,,,,,,
KaVontae Turpin DAL,,,,,,0.9,5.6,0.0,0.0,3.3,WR,1.6,19.2,0.1,,,,,,,,,,,,,,,
Troy Franklin DEN,,,,,,0.1,0.4,0.0,0.0,3.3,WR,1.9,22.1,0.2,,,,,,,,,,,,,,,
Tutu Atwell LAR,,,,,,0.2,1.1,0.0,0.0,3.3,WR,1.9,25.7,0.1,,,,,,,,,,,,,,,
Jalen Tolbert DAL,,,,,,0.0,0.0,0.0,0.0,3.3,WR,1.9,22.3,0.2,,,,,,,,,,,,,,,
Luther Burden III CHI,,,,,,0.2,1.4,0.0,0.0,3.2,WR,1.8,22.2,0.1,,,,,,,,,,,,,,,
Noah Brown WAS,,,,,,0.0,0.0,0.0,0.0,3.2,WR,1.9,24.1,0.1,,,,,,,,,,,,,,,
Tre' Harris LAC,,,,,,0.1,0.4,0.0,0.0,3.0,WR,1.8,23.1,0.1,,,,,,,,,,,,,,,
Elic Ayomanor TEN,,,,,,0.0,0.3,0.0,0.0,3.0,WR,2.0,23.2,0.1,,,,,,,,,,,,,,,
Jamari Thrash CLE,,,,,,0.0,0.1,0.0,0.0,3.0,WR,1.8,22.0,0.1,,,,,,,,,,,,,,,
Roman Wilson PIT,,,,,,0.0,0.0,0.0,0.0,3.0,WR,1.9,22.2,0.1,,,,,,,,,,,,,,,
Sterling Shepard TB,,,,,,0.1,0.8,0.0,0.0,2.9,WR,1.8,19.3,0.1,,,,,,,,,,,,,,,
Malik Washington MIA,,,,,,0.2,1.1,0.0,0.1,2.8,WR,1.9,19.8,0.1,,,,,,,,,,,,,,,
Devaughn Vele NO,,,,,,0.0,0.1,0.0,0.0,2.8,WR,1.9,21.3,0.1,,,,,,,,,,,,,,,
Greg Dortch ARI,,,,,,0.3,1.8,0.0,0.0,2.8,WR,1.7,18.5,0.1,,,,,,,,,,,,,,,
Jaylin Noel HOU,,,,,,0.0,0.5,0.0,0.0,2.8,WR,1.7,21.4,0.1,,,,,,,,,,,,,,,
Dontayvion Wicks GB,,,,,,0.0,0.1,0.0,0.0,2.8,WR,1.4,18.1,0.2,,,,,,,,,,,,,,,
Jordan Whittington LAR,,,,,,0.1,0.8,0.0,0.0,2.7,WR,1.7,20.1,0.1,,,,,,,,,,,,,,,
Kyle Williams NE,,,,,,0.1,0.8,0.0,0.0,2.7,WR,1.6,19.2,0.1,,,,,,,,,,,,,,,
Pat Bryant DEN,,,,,,0.1,0.2,0.0,0.0,2.6,WR,1.5,18.0,0.1,,,,,,,,,,,,,,,
Xavier Hutchinson HOU,,,,,,0.0,0.2,0.0,0.0,2.6,WR,1.5,19.1,0.1,,,,,,,,,,,,,,,
David Moore CAR,,,,,,0.0,0.0,0.0,0.0,2.6,WR,1.5,19.3,0.1,,,,,,,,,,,,,,,
Van Jefferson TEN,,,,,,0.0,0.0,0.0,0.0,2.5,WR,1.5,19.2,0.1,,,,,,,,,,,,,,,
Hunter Renfrow CAR,,,,,,0.0,0.0,0.0,0.0,2.5,WR,1.7,18.3,0.1,,,,,,,,,,,,,,,
Parker Washington JAC,,,,,,0.0,0.2,0.0,0.0,2.4,WR,1.3,15.8,0.1,,,,,,,,,,,,,,,
Isaac TeSlaa DET,,,,,,0.0,0.0,0.0,0.0,2.4,WR,1.5,17.3,0.1,,,,,,,,,,,,,,,
Olamide Zaccheaus CHI,,,,,,0.1,0.3,0.0,0.0,2.3,WR,1.5,17.4,0.1,,,,,,,,,,,,,,,
Adonai Mitchell IND,,,,,,0.2,0.5,0.0,0.0,2.3,WR,1.3,16.8,0.1,,,,,,,,,,,,,,,
Mack Hollins NE,,,,,,0.0,0.1,0.0,0.0,2.1,WR,1.1,13.7,0.1,,,,,,,,,,,,,,,
Tyquan Thornton KC,,,,,,0.0,0.7,0.0,0.0,2.1,WR,1.2,14.5,0.1,,,,,,,,,,,,,,,
Marquez Valdes-Scantling SF,,,,,,0.1,0.1,0.0,0.0,2.1,WR,0.8,16.1,0.1,,,,,,,,,,,,,,,
Casey Washington ATL,,,,,,0.0,0.0,0.0,0.0,2.0,WR,1.2,14.6,0.1,,,,,,,,,,,,,,,
Elijah Moore BUF,,,,,,0.0,0.0,0.0,0.0,1.7,WR,1.1,12.6,0.1,,,,,,,,,,,,,,,
Russell Gage Jr. SF,,,,,,0.0,0.0,0.0,0.0,1.7,WR,1.1,12.4,0.1,,,,,,,,,,,,,,,
Arian Smith NYJ,,,,,,0.0,0.2,0.0,0.0,1.7,WR,1.2,13.5,0.1,,,,,,,,,,,,,,,
Tyler Johnson NYJ,,,,,,0.0,0.0,0.0,0.0,1.6,WR,1.1,12.6,0.1,,,,,,,,,,,,,,,
Justin Watson HOU,,,,,,0.0,0.0,0.0,0.0,1.6,WR,0.7,11.1,0.1,,,,,,,,,,,,,,,
KhaDarel Hodge ATL,,,,,,0.0,0.2,0.0,0.0,1.6,WR,0.9,12.1,0.1,,,,,,,,,,,,,,,
Ryan Miller TB,,,,,,0.0,0.0,0.0,0.0,1.5,WR,0.8,10.2,0.1,,,,,,,,,,,,,,,
Zay Jones ARI,,,,,,0.0,0.1,0.0,0.0,1.5,WR,1.0,10.4,0.1,,,,,,,,,,,,,,,
Lucky Jackson MIN,,,,,,0.1,0.4,0.0,0.1,1.4,WR,0.8,11.9,0.1,,,,,,,,,,,,,,,
Jahan Dotson PHI,,,,,,0.0,0.1,0.0,0.0,1.4,WR,0.8,9.8,0.1,,,,,,,,,,,,,,,
Jamal Agnew ATL,,,,,,0.0,0.0,0.0,0.0,1.4,WR,0.9,9.6,0.1,,,,,,,,,,,,,,,
Skyy Moore SF,,,,,,0.1,0.4,0.0,0.0,1.4,WR,0.8,10.4,0.0,,,,,,,,,,,,,,,
Jack Bech LV,,,,,,0.0,0.1,0.0,0.0,1.3,WR,0.9,10.2,0.1,,,,,,,,,,,,,,,
Tai Felton MIN,,,,,,0.0,0.1,0.0,0.0,1.2,WR,0.7,8.7,0.1,,,,,,,,,,,,,,,
Chimere Dike TEN,,,,,,0.1,0.5,0.0,0.0,1.2,WR,0.8,8.5,0.0,,,,,,,,,,,,,,,
Mitchell Tinsley CIN,,,,,,0.0,0.0,0.0,0.0,1.1,WR,0.6,7.7,0.1,,,,,,,,,,,,,,,
Cody White SEA,,,,,,0.0,0.0,0.0,0.0,1.1,WR,0.7,8.4,0.0,,,,,,,,,,,,,,,
Malik Heath GB,,,,,,0.0,0.3,0.0,0.0,1.0,WR,0.6,6.1,0.1,,,,,,,,,,,,,,,
Isaiah Bond CLE,,,,,,0.0,0.0,0.0,0.0,1.0,WR,0.7,7.8,0.0,,,,,,,,,,,,,,,
Kalif Raymond DET,,,,,,0.0,0.3,0.0,0.0,1.0,WR,0.6,7.5,0.0,,,,,,,,,,,,,,,
Jalin Hyatt NYG,,,,,,0.0,0.0,0.0,0.0,0.9,WR,0.5,6.8,0.0,,,,,,,,,,,,,,,
Devontez Walker BAL,,,,,,0.0,0.1,0.0,0.0,0.9,WR,0.5,5.7,0.0,,,,,,,,,,,,,,,
Tylan Wallace BAL,,,,,,0.0,0.1,0.0,0.0,0.8,WR,0.5,5.7,0.0,,,,,,,,,,,,,,,
Luke McCaffrey WAS,,,,,,0.0,0.0,0.0,0.0,0.8,WR,0.6,6.0,0.0,,,,,,,,,,,,,,,
Tez Johnson TB,,,,,,0.0,0.1,0.0,0.0,0.8,WR,0.6,5.8,0.0,,,,,,,,,,,,,,,
Kendrick Bourne SF,,,,,,0.0,0.9,0.0,0.0,0.8,WR,0.4,4.5,0.0,,,,,,,,,,,,,,,
Savion Williams GB,,,,,,0.3,0.9,0.0,0.0,0.8,WR,0.4,4.8,0.0,,,,,,,,,,,,,,,
Mason Tipton NO,,,,,,0.0,0.0,0.0,0.0,0.8,WR,0.5,5.5,0.0,,,,,,,,,,,,,,,
Brycen Tremayne CAR,,,,,,0.0,0.0,0.0,0.0,0.7,WR,0.5,5.8,0.0,,,,,,,,,,,,,,,
KeAndre Lambert-Smith LAC,,,,,,0.0,0.1,0.0,0.0,0.6,WR,0.4,4.4,0.0,,,,,,,,,,,,,,,
Dee Eskridge MIA,,,,,,0.0,0.0,0.0,0.0,0.6,WR,0.4,4.1,0.0,,,,,,,,,,,,,,,
Charlie Jones CIN,,,,,,0.0,0.1,0.0,0.0,0.6,WR,0.4,4.4,0.0,,,,,,,,,,,,,,,
DeAndre Carter CLE,,,,,,0.0,0.1,0.0,0.0,0.6,WR,0.4,4.7,0.0,,,,,,,,,,,,,,,
Jaylin Lane WAS,,,,,,0.1,0.8,0.0,0.0,0.5,WR,0.2,2.2,0.0,,,,,,,,,,,,,,,
Derius Davis LAC,,,,,,0.6,1.6,0.0,0.0,0.4,WR,0.2,2.2,0.0,,,,,,,,,,,,,,,
Ben Skowronek PIT,,,,,,0.0,0.0,0.0,0.0,0.4,WR,0.3,3.0,0.0,,,,,,,,,,,,,,,
Trent Sherfield Sr. DEN,,,,,,0.0,0.0,0.0,0.0,0.3,WR,0.3,2.8,0.0,,,,,,,,,,,,,,,
Bryce Oliver TEN,,,,,,0.0,0.0,0.0,0.0,0.3,WR,0.2,2.2,0.0,,,,,,,,,,,,,,,
John Metchie III PHI,,,,,,0.0,0.0,0.0,0.0,0.3,WR,0.2,2.1,0.0,,,,,,,,,,,,,,,
Ashton Dulin IND,,,,,,0.0,0.3,0.0,0.0,0.2,WR,0.2,1.7,0.0,,,,,,,,,,,,,,,
Anthony Gould IND,,,,,,0.0,0.1,0.0,0.0,0.2,WR,0.2,1.8,0.0,,,,,,,,,,,,,,,
Tyrell Shavers BUF,,,,,,0.0,0.0,0.0,0.0,0.2,WR,0.1,1.2,0.0,,,,,,,,,,,,,,,
Konata Mumpfield LAR,,,,,,0.0,0.0,0.0,0.0,0.2,WR,0.1,1.2,0.0,,,,,,,,,,,,,,,
Xavier Smith LAR,,,,,,0.1,0.9,0.0,0.0,0.2,WR,0.1,1.1,0.0,,,,,,,,,,,,,,,
Nikko Remigio KC,,,,,,0.0,0.0,0.0,0.0,0.2,WR,0.1,1.7,0.0,,,,,,,,,,,,,,,
Scotty Miller PIT,,,,,,0.0,0.0,0.0,0.0,0.2,WR,0.1,1.1,0.0,,,,,,,,,,,,,,,
Devin Duvernay CHI,,,,,,0.0,0.2,0.0,0.0,0.1,WR,0.1,0.9,0.0,,,,,,,,,,,,,,,
Phillip Dorsett II LV,,,,,,0.0,0.0,0.0,0.0,0.0,WR,0.0,0.0,0.0,,,,,,,,,,,,,,,
Laquon Treadwell IND,,,,,,0.0,0.0,0.0,0.0,0.0,WR,0.0,0.0,0.0,,,,,,,,,,,,,,,
Chris Moore WAS,,,,,,0.0,0.0,0.0,0.0,0.0,WR,0.0,0.0,0.0,,,,,,,,,,,,,,,
Demarcus Robinson SF,,,,,,0.0,0.0,0.0,0.0,0.0,WR,0.0,0.0,0.0,,,,,,,,,,,,,,,
Chris Godwin Jr. TB,,,,,,0.0,0.0,0.0,0.0,0.0,WR,0.0,0.0,0.0,,,,,,,,,,,,,,,
Curtis Samuel BUF,,,,,,0.0,0.0,0.0,0.0,0.0,WR,0.0,0.0,0.0,,,,,,,,,,,,,,,
Trent Taylor SF,,,,,,0.0,0.0,0.0,0.0,0.0,WR,0.0,0.0,0.0,,,,,,,,,,,,,,,
Tim Patrick JAC,,,,,,0.0,0.0,0.0,0.0,0.0,WR,0.0,0.0,0.0,,,,,,,,,,,,,,,
Anthony Miller BAL,,,,,,0.0,0.0,0.0,0.0,0.0,WR,0.0,0.0,0.0,,,,,,,,,,,,,,,
Cedrick Wilson Jr. NO,,,,,,0.0,0.0,0.0,0.0,0.0,WR,0.0,0.0,0.0,,,,,,,,,,,,,,,
Braxton Berrios HOU,,,,,,0.0,0.0,0.0,0.0,0.0,WR,0.0,0.0,0.0,,,,,,,,,,,,,,,
Allen Lazard NYJ,,,,,,0.0,0.0,0.0,0.0,0.0,WR,0.0,0.0,0.0,,,,,,,,,,,,,,,
Keith Kirkwood BAL,,,,,,0.0,0.0,0.0,0.0,0.0,WR,0.0,0.0,0.0,,,,,,,,,,,,,,,
David Sills V ATL,,,,,,0.0,0.0,0.0,0.0,0.0,WR,0.0,0.0,0.0,,,,,,,,,,,,,,,
Mecole Hardman Jr. GB,,,,,,0.0,0.0,0.0,0.0,0.0,WR,0.0,0.0,0.0,,,,,,,,,,,,,,,
Lil'Jordan Humphrey NYG,,,,,,0.0,0.0,0.0,0.0,0.0,WR,0.0,0.0,0.0,,,,,,,,,,,,,,,
Miles Boykin CHI,,,,,,0.0,0.0,0.0,0.0,0.0,WR,0.0,0.0,0.0,,,,,,,,,,,,,,,
Alex Bachman LV,,,,,,0.0,0.0,0.0,0.0,0.0,WR,0.0,0.0,0.0,,,,,,,,,,,,,,,
D.J. Montgomery IND,,,,,,0.0,0.0,0.0,0.0,0.0,WR,0.0,0.0,0.0,,,,,,,,,,,,,,,
Tom Kennedy DET,,,,,,0.0,0.0,0.0,0.0,0.0,WR,0.0,0.0,0.0,,,,,,,,,,,,,,,
Gunner Olszewski NYG,,,,,,0.0,0.0,0.0,0.0,0.0,WR,0.0,0.0,0.0,,,,,,,,,,,,,,,
Brandon Aiyuk SF,,,,,,0.0,0.0,0.0,0.0,0.0,WR,0.0,0.0,0.0,,,,,,,,,,,,,,,
James Proche II TEN,,,,,,0.0,0.0,0.0,0.0,0.0,WR,0.0,0.0,0.0,,,,,,,,,,,,,,,
Gabe Davis BUF,,,,,,0.0,0.0,0.0,0.0,0.0,WR,0.0,0.0,0.0,,,,,,,,,,,,,,,
Mason Kinsey TEN,,,,,,0.0,0.0,0.0,0.0,0.0,WR,0.0,0.0,0.0,,,,,,,,,,,,,,,
Darnell Mooney ATL,,,,,,0.0,0.0,0.0,0.0,0.0,WR,0.0,0.0,0.0,,,,,,,,,,,,,,,
Kristian Wilkerson BUF,,,,,,0.0,0.0,0.0,0.0,0.0,WR,0.0,0.0,0.0,,,,,,,,,,,,,,,
Andre Baccellia ARI,,,,,,0.0,0.0,0.0,0.0,0.0,WR,0.0,0.0,0.0,,,,,,,,,,,,,,,
Ihmir Smith-Marsette NYG,,,,,,0.0,0.0,0.0,0.0,0.0,WR,0.0,0.0,0.0,,,,,,,,,,,,,,,
Seth Williams LV,,,,,,0.0,0.0,0.0,0.0,0.0,WR,0.0,0.0,0.0,,,,,,,,,,,,,,,
Chris Blair ATL,,,,,,0.0,0.0,0.0,0.0,0.0,WR,0.0,0.0,0.0,,,,,,,,,,,,,,,
Javon Baker PHI,,,,,,0.0,0.0,0.0,0.0,0.0,WR,0.0,0.0,0.0,,,,,,,,,,,,,,,
Beaux Collins NYG,,,,,,0.0,0.0,0.0,0.0,0.0,WR,0.0,0.0,0.0,,,,,,,,,,,,,,,
Jermaine Burton CIN,,,,,,0.0,0.0,0.0,0.0,0.0,WR,0.0,0.0,0.0,,,,,,,,,,,,,,,
Rakim Jarrett PIT,,,,,,0.0,0.0,0.0,0.0,0.0,WR,0.0,0.0,0.0,,,,,,,,,,,,,,,
Ronnie Bell DET,,,,,,0.0,0.0,0.0,0.0,0.0,WR,0.0,0.0,0.0,,,,,,,,,,,,,,,
Cornelius Johnson BAL,,,,,,0.0,0.0,0.0,0.0,0.0,WR,0.0,0.0,0.0,,,,,,,,,,,,,,,
Jonathan Mingo DAL,,,,,,0.0,0.0,0.0,0.0,0.0,WR,0.0,0.0,0.0,,,,,,,,,,,,,,,
Kevin Austin Jr. NO,,,,,,0.0,0.0,0.0,0.0,0.0,WR,0.0,0.0,0.0,,,,,,,,,,,,,,,
Ainias Smith CAR,,,,,,0.0,0.0,0.0,0.0,0.0,WR,0.0,0.0,0.0,,,,,,,,,,,,,,,
Simi Fehoko ARI,,,,,,0.0,0.0,0.0,0.0,0.0,WR,0.0,0.0,0.0,,,,,,,,,,,,,,,
Terrace Marshall Jr. PHI,,,,,,0.0,0.0,0.0,0.0,0.0,WR,0.0,0.0,0.0,,,,,,,,,,,,,,,
Austin Trammell JAC,,,,,,0.0,0.0,0.0,0.0,0.0,WR,0.0,0.0,0.0,,,,,,,,,,,,,,,
Brandon Smith NYJ,,,,,,0.0,0.0,0.0,0.0,0.0,WR,0.0,0.0,0.0,,,,,,,,,,,,,,,
Tim Jones MIN,,,,,,0.0,0.0,0.0,0.0,0.0,WR,0.0,0.0,0.0,,,,,,,,,,,,,,,
Michael Bandy DEN,,,,,,0.0,0.0,0.0,0.0,0.0,WR,0.0,0.0,0.0,,,,,,,,,,,,,,,
Erik Ezukanma JAC,,,,,,0.0,0.0,0.0,0.0,0.0,WR,0.0,0.0,0.0,,,,,,,,,,,,,,,
Xavier Weaver ARI,,,,,,0.0,0.0,0.0,0.0,0.0,WR,0.0,0.0,0.0,,,,,,,,,,,,,,,
Britain Covey PHI,,,,,,0.0,0.0,0.0,0.0,0.0,WR,0.0,0.0,0.0,,,,,,,,,,,,,,,
A.T. Perry DEN,,,,,,0.0,0.0,0.0,0.0,0.0,WR,0.0,0.0,0.0,,,,,,,,,,,,,,,
Dareke Young SEA,,,,,,0.0,0.0,0.0,0.0,0.0,WR,0.0,0.0,0.0,,,,,,,,,,,,,,,
Kaden Davis CLE,,,,,,0.0,0.0,0.0,0.0,0.0,WR,0.0,0.0,0.0,,,,,,,,,,,,,,,
Dennis Houston TB,,,,,,0.0,0.0,0.0,0.0,0.0,WR,0.0,0.0,0.0,,,,,,,,,,,,,,,
Irvin Charles NYJ,,,,,,0.0,0.0,0.0,0.0,0.0,WR,0.0,0.0,0.0,,,,,,,,,,,,,,,
Maurice Alexander CHI,,,,,,0.0,0.0,0.0,0.0,0.0,WR,0.0,0.0,0.0,,,,,,,,,,,,,,,
Trey Palmer NO,,,,,,0.0,0.0,0.0,0.0,0.0,WR,0.0,0.0,0.0,,,,,,,,,,,,,,,
Jake Bobo SEA,,,,,,0.0,0.0,0.0,0.0,0.0,WR,0.0,0.0,0.0,,,,,,,,,,,,,,,
Bryce Ford-Wheaton NYG,,,,,,0.0,0.0,0.0,0.0,0.0,WR,0.0,0.0,0.0,,,,,,,,,,,,,,,
Jalen Cropper DAL,,,,,,0.0,0.0,0.0,0.0,0.0,WR,0.0,0.0,0.0,,,,,,,,,,,,,,,
Tyler Scott IND,,,,,,0.0,0.0,0.0,0.0,0.0,WR,0.0,0.0,0.0,,,,,,,,,,,,,,,
Jalen Brooks DAL,,,,,,0.0,0.0,0.0,0.0,0.0,WR,0.0,0.0,0.0,,,,,,,,,,,,,,,
Jared Wayne HOU,,,,,,0.0,0.0,0.0,0.0,0.0,WR,0.0,0.0,0.0,,,,,,,,,,,,,,,
Shedrick Jackson LV,,,,,,0.0,0.0,0.0,0.0,0.0,WR,0.0,0.0,0.0,,,,,,,,,,,,,,,
Jason Brownlee KC,,,,,,0.0,0.0,0.0,0.0,0.0,WR,0.0,0.0,0.0,,,,,,,,,,,,,,,
Dylan Drummond ATL,,,,,,0.0,0.0,0.0,0.0,0.0,WR,0.0,0.0,0.0,,,,,,,,,,,,,,,
Dominic Lovett DET,,,,,,0.0,0.0,0.0,0.0,0.0,WR,0.0,0.0,0.0,,,,,,,,,,,,,,,
Isaiah Neyor GB,,,,,,0.0,0.0,0.0,0.0,0.0,WR,0.0,0.0,0.0,,,,,,,,,,,,,,,
Malachi Corley CLE,,,,,,0.0,0.0,0.0,0.0,0.0,WR,0.0,0.0,0.0,,,,,,,,,,,,,,,
Bub Means NO,,,,,,0.0,0.0,0.0,0.0,0.0,WR,0.0,0.0,0.0,,,,,,,,,,,,,,,
Joshua Cephus JAC,,,,,,0.0,0.0,0.0,0.0,0.0,WR,0.0,0.0,0.0,,,,,,,,,,,,,,,
Tahj Washington MIA,,,,,,0.0,0.0,0.0,0.0,0.0,WR,0.0,0.0,0.0,,,,,,,,,,,,,,,
Ryan Flournoy DAL,,,,,,0.0,0.0,0.0,0.0,0.0,WR,0.0,0.0,0.0,,,,,,,,,,,,,,,
Tejhaun Palmer ARI,,,,,,0.0,0.0,0.0,0.0,0.0,WR,0.0,0.0,0.0,,,,,,,,,,,,,,,
Kameron Johnson TB,,,,,,0.0,0.0,0.0,0.0,0.0,WR,0.0,0.0,0.0,,,,,,,,,,,,,,,
Xavier Restrepo TEN,,,,,,0.0,0.0,0.0,0.0,0.0,WR,0.0,0.0,0.0,,,,,,,,,,,,,,,
Jalen Royals KC,,,,,,0.0,0.0,0.0,0.0,0.0,WR,0.0,0.0,0.0,,,,,,,,,,,,,,,
Ricky White III SEA,,,,,,0.0,0.0,0.0,0.0,0.0,WR,0.0,0.0,0.0,,,,,,,,,,,,,,,
Nick Nash ATL,,,,,,0.0,0.0,0.0,0.0,0.0,WR,0.0,0.0,0.0,,,,,,,,,,,,,,,
Jimmy Horn Jr. CAR,,,,,,0.0,0.0,0.0,0.0,0.0,WR,0.0,0.0,0.0,,,,,,,,,,,,,,,
Efton Chism III NE,,,,,,0.0,0.0,0.0,0.0,0.0,WR,0.0,0.0,0.0,,,,,,,,,,,,,,,
LaJohntay Wester BAL,,,,,,0.0,0.0,0.0,0.0,0.0,WR,0.0,0.0,0.0,,,,,,,,,,,,,,,
Jordan Watkins SF,,,,,,0.0,0.0,0.0,0.0,0.0,WR,0.0,0.0,0.0,,,,,,,,,,,,,,,
Tommy Mellott NO,,,,,,0.0,0.0,0.0,0.0,0.0,WR,0.0,0.0,0.0,,,,,,,,,,,,,,,
Junior Bergen SF,,,,,,0.0,0.0,0.0,0.0,0.0,WR,0.0,0.0,0.0,,,,,,,,,,,,,,,
Gage Larvadain CLE,,,,,,0.0,0.0,0.0,0.0,0.0,WR,0.0,0.0,0.0,,,,,,,,,,,,,,,
Brock Bowers LV,,,,,,,,,0.0,9.2,TE,6.5,69.7,0.4,,,,,,,,,,,,,,,
Trey McBride ARI,,,,,,,,,0.0,8.7,TE,6.3,66.7,0.4,,,,,,,,,,,,,,,
Travis Kelce KC,,,,,,,,,0.0,7.3,TE,5.4,52.6,0.3,,,,,,,,,,,,,,,
Mark Andrews BAL,,,,,,,,,0.1,7.1,TE,4.1,46.6,0.4,,,,,,,,,,,,,,,
David Njoku CLE,,,,,,,,,0.0,7.0,TE,4.9,49.0,0.4,,,,,,,,,,,,,,,
Sam LaPorta DET,,,,,,,,,0.0,6.5,TE,4.1,44.9,0.3,,,,,,,,,,,,,,,
T.J. Hockenson MIN,,,,,,,,,0.0,6.4,TE,4.7,50.2,0.2,,,,,,,,,,,,,,,
Tyler Warren IND,,,,,,,,,0.1,5.7,TE,3.9,41.0,0.3,,,,,,,,,,,,,,,
Dallas Goedert PHI,,,,,,,,,0.0,5.6,TE,3.6,42.1,0.2,,,,,,,,,,,,,,,
Tucker Kraft GB,,,,,,,,,0.0,5.6,TE,3.3,39.0,0.3,,,,,,,,,,,,,,,
Zach Ertz WAS,,,,,,,,,0.0,5.4,TE,3.8,34.8,0.3,,,,,,,,,,,,,,,
Kyle Pitts Sr. ATL,,,,,,,,,0.0,5.4,TE,3.2,40.8,0.2,,,,,,,,,,,,,,,
Evan Engram DEN,,,,,,,,,0.1,5.3,TE,4.4,37.9,0.3,,,,,,,,,,,,,,,
Hunter Henry NE,,,,,,,,,0.0,5.0,TE,3.3,34.5,0.3,,,,,,,,,,,,,,,
Jake Ferguson DAL,,,,,,,,,0.1,4.8,TE,4.2,37.7,0.2,,,,,,,,,,,,,,,
Dalton Kincaid BUF,,,,,,,,,0.0,4.8,TE,3.5,36.3,0.2,,,,,,,,,,,,,,,
Cade Otton TB,,,,,,,,,0.1,4.7,TE,3.5,33.9,0.2,,,,,,,,,,,,,,,
Brenton Strange JAC,,,,,,,,,0.0,4.6,TE,3.1,33.4,0.2,,,,,,,,,,,,,,,
Dalton Schultz HOU,,,,,,,,,0.0,4.4,TE,3.3,34.0,0.2,,,,,,,,,,,,,,,
Mike Gesicki CIN,,,,,,,,,0.0,4.4,TE,2.9,30.5,0.2,,,,,,,,,,,,,,,
Chig Okonkwo TEN,,,,,,,,,0.0,4.4,TE,3.5,34.3,0.2,,,,,,,,,,,,,,,
Jonnu Smith PIT,,,,,,,,,0.0,4.2,TE,2.9,29.7,0.2,,,,,,,,,,,,,,,
Theo Johnson NYG,,,,,,,,,0.0,4.1,TE,2.8,30.8,0.2,,,,,,,,,,,,,,,
Colston Loveland CHI,,,,,,,,,0.1,4.1,TE,3.0,31.2,0.2,,,,,,,,,,,,,,,
Pat Freiermuth PIT,,,,,,,,,0.1,4.0,TE,3.0,28.4,0.2,,,,,,,,,,,,,,,
Mason Taylor NYJ,,,,,,,,,0.0,3.9,TE,2.8,29.8,0.2,,,,,,,,,,,,,,,
Juwan Johnson NO,,,,,,,,,0.0,3.8,TE,2.7,29.0,0.2,,,,,,,,,,,,,,,
Ja'Tavion Sanders CAR,,,,,,,,,0.0,3.8,TE,2.8,29.0,0.2,,,,,,,,,,,,,,,
Robbie Ouzts SEA,,,,,,,,,0.1,3.7,TE,2.9,27.1,0.2,,,,,,,,,,,,,,,
Tyler Higbee LAR,,,,,,,,,0.0,3.6,TE,2.7,24.9,0.2,,,,,,,,,,,,,,,
Will Dissly LAC,,,,,,,,,0.0,3.3,TE,2.5,25.0,0.1,,,,,,,,,,,,,,,
Tyler Conklin LAC,,,,,,,,,0.0,3.1,TE,2.4,23.3,0.1,,,,,,,,,,,,,,,
Noah Gray KC,,,,,,,,,0.0,3.0,TE,2.1,20.7,0.2,,,,,,,,,,,,,,,
AJ Barner SEA,,,,,,,,,0.0,2.8,TE,2.1,19.6,0.1,,,,,,,,,,,,,,,
Julian Hill MIA,,,,,,,,,0.0,2.7,TE,2.1,20.2,0.1,,,,,,,,,,,,,,,
Elijah Arroyo SEA,,,,,,,,,0.0,2.6,TE,2.0,19.4,0.1,,,,,,,,,,,,,,,
Cole Kmet CHI,,,,,,,,,0.0,2.5,TE,1.7,17.5,0.1,,,,,,,,,,,,,,,
Harold Fannin Jr. CLE,,,,,,,,,0.0,2.5,TE,1.8,18.2,0.1,,,,,,,,,,,,,,,
Noah Fant CIN,,,,,,,,,0.0,2.4,TE,1.7,17.6,0.1,,,,,,,,,,,,,,,
Austin Hooper NE,,,,,,,,,0.0,2.4,TE,1.8,17.8,0.1,,,,,,,,,,,,,,,
Tanner Conner MIA,,,,,,,,,0.0,2.1,TE,1.5,14.8,0.1,,,,,,,,,,,,,,,
Payne Durham TB,,,,,,,,,0.0,1.9,TE,1.3,12.8,0.1,,,,,,,,,,,,,,,
Michael Mayer LV,,,,,,,,,0.0,1.9,TE,1.6,14.9,0.1,,,,,,,,,,,,,,,
Charlie Kolar BAL,,,,,,,,,0.0,1.9,TE,1.1,13.4,0.1,,,,,,,,,,,,,,,
Dawson Knox BUF,,,,,,,,,0.0,1.9,TE,1.1,12.7,0.1,,,,,,,,,,,,,,,
Gunnar Helm TEN,,,,,,,,,0.0,1.8,TE,1.3,13.2,0.1,,,,,,,,,,,,,,,
Tommy Tremble CAR,,,,,,,,,0.0,1.8,TE,1.2,11.9,0.1,,,,,,,,,,,,,,,
Josh Oliver MIN,,,,,,,,,0.0,1.8,TE,1.1,11.9,0.1,,,,,,,,,,,,,,,
Luke Musgrave GB,,,,,,,,,0.0,1.6,TE,1.2,11.4,0.1,,,,,,,,,,,,,,,
Adam Trautman DEN,,,,,,,,,0.0,1.5,TE,0.8,9.7,0.1,,,,,,,,,,,,,,,
Cade Stover HOU,,,,,,,,,0.0,1.4,TE,1.0,10.2,0.1,,,,,,,,,,,,,,,
Grant Calcaterra PHI,,,,,,,,,0.0,1.2,TE,0.8,9.0,0.1,,,,,,,,,,,,,,,
Jeremy Ruckert NYJ,,,,,,,,,0.0,1.2,TE,1.0,8.7,0.1,,,,,,,,,,,,,,,
Johnny Mundt JAC,,,,,,,,,0.0,1.2,TE,0.8,7.6,0.1,,,,,,,,,,,,,,,
Drew Ogletree IND,,,,,,,,,0.0,1.1,TE,0.5,6.8,0.1,,,,,,,,,,,,,,,
Luke Schoonmaker DAL,,,,,,,,,0.0,1.1,TE,0.9,7.6,0.1,,,,,,,,,,,,,,,
Brock Wright DET,,,,,,,,,0.0,1.1,TE,0.9,7.2,0.1,,,,,,,,,,,,,,,
Terrance Ferguson LAR,,,,,,,,,0.0,1.1,TE,0.6,7.5,0.1,,,,,,,,,,,,,,,
Daniel Bellinger NYG,,,,,,,,,0.0,1.1,TE,0.8,8.1,0.0,,,,,,,,,,,,,,,
Blake Whiteheart CLE,,,,,,,,,0.0,1.0,TE,0.6,6.4,0.1,,,,,,,,,,,,,,,
Elijah Higgins ARI,,,,,,,,,0.0,1.0,TE,0.6,6.2,0.1,,,,,,,,,,,,,,,
Ben Sinnott WAS,,,,,,,,,0.0,1.0,TE,0.7,6.3,0.1,,,,,,,,,,,,,,,
Eric Saubert SEA,,,,,,,,,0.0,1.0,TE,0.6,5.7,0.1,,,,,,,,,,,,,,,
Connor Heyward PIT,,,,,,,,,0.0,0.9,TE,0.8,6.1,0.1,,,,,,,,,,,,,,,
Colby Parkinson LAR,,,,,,,,,0.0,0.9,TE,0.6,6.0,0.1,,,,,,,,,,,,,,,
Darnell Washington PIT,,,,,,,,,0.0,0.9,TE,0.7,6.7,0.0,,,,,,,,,,,,,,,
Moliki Matavao NO,,,,,,,,,0.0,0.9,TE,0.8,7.3,0.0,,,,,,,,,,,,,,,
Drew Sample CIN,,,,,,,,,0.0,0.8,TE,0.6,5.2,0.1,,,,,,,,,,,,,,,
Charlie Woerner ATL,,,,,,,,,0.0,0.8,TE,0.7,6.5,0.0,,,,,,,,,,,,,,,
Lucas Krull DEN,,,,,,,,,0.0,0.8,TE,0.5,4.3,0.1,,,,,,,,,,,,,,,
Hunter Long JAC,,,,,,,,,0.0,0.8,TE,0.6,5.8,0.0,,,,,,,,,,,,,,,
Jackson Hawes BUF,,,,,,,,,0.0,0.6,TE,0.4,3.6,0.0,,,,,,,,,,,,,,,
John Bates WAS,,,,,,,,,0.0,0.6,TE,0.5,4.3,0.0,,,,,,,,,,,,,,,
Tip Reiman ARI,,,,,,,,,0.0,0.6,TE,0.5,5.0,0.0,,,,,,,,,,,,,,,
Brevyn Spann-Ford DAL,,,,,,,,,0.0,0.6,TE,0.5,4.6,0.0,,,,,,,,,,,,,,,
Chris Manhertz NYG,,,,,,,,,0.0,0.5,TE,0.3,2.7,0.0,,,,,,,,,,,,,,,
Mitchell Evans CAR,,,,,,,,,0.0,0.5,TE,0.4,4.3,0.0,,,,,,,,,,,,,,,
Stone Smartt NYJ,,,,,,,,,0.0,0.5,TE,0.4,4.3,0.0,,,,,,,,,,,,,,,
Luke Farrell SF,,,,,,,,,0.0,0.4,TE,0.4,3.8,0.0,,,,,,,,,,,,,,,
Mo Alie-Cox IND,,,,,,,,,0.0,0.4,TE,0.3,3.0,0.0,,,,,,,,,,,,,,,
Teagan Quitoriano ATL,,,,,,,,,0.0,0.4,TE,0.4,3.9,0.0,,,,,,,,,,,,,,,
Travis Vokolek ARI,,,,,,,,,0.0,0.4,TE,0.4,3.6,0.0,,,,,,,,,,,,,,,
Durham Smythe CHI,,,,,,,,,0.0,0.3,TE,0.4,3.0,0.0,,,,,,,,,,,,,,,
Kylen Granson PHI,,,,,,,,,0.0,0.3,TE,0.2,2.9,0.0,,,,,,,,,,,,,,,
Ian Thomas LV,,,,,,,,,0.0,0.3,TE,0.3,2.6,0.0,,,,,,,,,,,,,,,
Feleipe Franks ATL,,,,,,,,,0.0,0.2,TE,0.2,2.3,0.0,,,,,,,,,,,,,,,
Jack Westover NE,,,,,,,,,0.0,0.2,TE,0.3,2.1,0.0,,,,,,,,,,,,,,,
Tanner Hudson CIN,,,,,,,,,0.0,0.2,TE,0.2,1.8,0.0,,,,,,,,,,,,,,,
Davis Allen LAR,,,,,,,,,0.0,0.2,TE,0.1,1.1,0.0,,,,,,,,,,,,,,,
Ko Kieft TB,,,,,,,,,0.0,0.0,TE,0.1,0.2,0.0,,,,,,,,,,,,,,,
Brady Russell SEA,,,,,,,,,0.0,0.0,TE,0.0,0.0,0.0,,,,,,,,,,,,,,,
Darren Waller MIA,,,,,,,,,0.0,0.0,TE,0.0,0.0,0.0,,,,,,,,,,,,,,,
Nick Vannett MIN,,,,,,,,,0.0,0.0,TE,0.0,0.0,0.0,,,,,,,,,,,,,,,
Robert Tonyan KC,,,,,,,,,0.0,0.0,TE,0.0,0.0,0.0,,,,,,,,,,,,,,,
Taysom Hill NO,,,,,,,,,0.0,0.0,TE,0.0,0.0,0.0,,,,,,,,,,,,,,,
Albert Okwuegbunam Jr. LV,,,,,,,,,0.0,0.0,TE,0.0,0.0,0.0,,,,,,,,,,,,,,,
Foster Moreau NO,,,,,,,,,0.0,0.0,TE,0.0,0.0,0.0,,,,,,,,,,,,,,,
Tyree Jackson WAS,,,,,,,,,0.0,0.0,TE,0.0,0.0,0.0,,,,,,,,,,,,,,,
Irv Smith Jr. HOU,,,,,,,,,0.0,0.0,TE,0.0,0.0,0.0,,,,,,,,,,,,,,,
Stephen Carlson CHI,,,,,,,,,0.0,0.0,TE,0.0,0.0,0.0,,,,,,,,,,,,,,,
Harrison Bryant HOU,,,,,,,,,0.0,0.0,TE,0.0,0.0,0.0,,,,,,,,,,,,,,,
Josiah Deguara ARI,,,,,,,,,0.0,0.0,TE,0.0,0.0,0.0,,,,,,,,,,,,,,,
Sean McKeon IND,,,,,,,,,0.0,0.0,TE,0.0,0.0,0.0,,,,,,,,,,,,,,,
Kenny Yeboah DET,,,,,,,,,0.0,0.0,TE,0.0,0.0,0.0,,,,,,,,,,,,,,,
Quintin Morris JAC,,,,,,,,,0.0,0.0,TE,0.0,0.0,0.0,,,,,,,,,,,,,,,
Josh Whyle GB,,,,,,,,,0.0,0.0,TE,0.0,0.0,0.0,,,,,,,,,,,,,,,
Luke Lachey HOU,,,,,,,,,0.0,0.0,TE,0.0,0.0,0.0,,,,,,,,,,,,,,,
Thomas Fidone II NYG,,,,,,,,,0.0,0.0,TE,0.0,0.0,0.0,,,,,,,,,,,,,,,
Greg Dulcich MIA,,,,,,,,,0.0,0.0,TE,0.0,0.0,0.0,,,,,,,,,,,,,,,
James Mitchell CAR,,,,,,,,,0.0,0.0,TE,0.0,0.0,0.0,,,,,,,,,,,,,,,
Jack Stoll NO,,,,,,,,,0.0,0.0,TE,0.0,0.0,0.0,,,,,,,,,,,,,,,
Shane Zylstra DET,,,,,,,,,0.0,0.0,TE,0.0,0.0,0.0,,,,,,,,,,,,,,,
Isaiah Likely BAL,,,,,,,,,0.0,0.0,TE,0.0,0.0,0.0,,,,,,,,,,,,,,,
Will Mallory IND,,,,,,,,,0.0,0.0,TE,0.0,0.0,0.0,,,,,,,,,,,,,,,
Jelani Woods NYJ,,,,,,,,,0.0,0.0,TE,0.0,0.0,0.0,,,,,,,,,,,,,,,
Justin Shorter LV,,,,,,,,,0.0,0.0,TE,0.0,0.0,0.0,,,,,,,,,,,,,,,
Nikola Kalinic CHI,,,,,,,,,0.0,0.0,TE,0.0,0.0,0.0,,,,,,,,,,,,,,,
John FitzPatrick GB,,,,,,,,,0.0,0.0,TE,0.0,0.0,0.0,,,,,,,,,,,,,,,
Cameron Latu PHI,,,,,,,,,0.0,0.0,TE,0.0,0.0,0.0,,,,,,,,,,,,,,,
Jake Tonges SF,,,,,,,,,0.0,0.0,TE,0.0,0.0,0.0,,,,,,,,,,,,,,,
Tucker Fisk LAC,,,,,,,,,0.0,0.0,TE,0.0,0.0,0.0,,,,,,,,,,,,,,,
Thomas Odukoya TEN,,,,,,,,,0.0,0.0,TE,0.0,0.0,0.0,,,,,,,,,,,,,,,
Ben Sims GB,,,,,,,,,0.0,0.0,TE,0.0,0.0,0.0,,,,,,,,,,,,,,,
Brayden Willis SF,,,,,,,,,0.0,0.0,TE,0.0,0.0,0.0,,,,,,,,,,,,,,,
E.J. Jenkins PHI,,,,,,,,,0.0,0.0,TE,0.0,0.0,0.0,,,,,,,,,,,,,,,
Nate Adkins DEN,,,,,,,,,0.0,0.0,TE,0.0,0.0,0.0,,,,,,,,,,,,,,,
Princeton Fant DAL,,,,,,,,,0.0,0.0,TE,0.0,0.0,0.0,,,,,,,,,,,,,,,
John Stephens Jr. DAL,,,,,,,,,0.0,0.0,TE,0.0,0.0,0.0,,,,,,,,,,,,,,,
Oronde Gadsden II LAC,,,,,,,,,0.0,0.0,TE,0.0,0.0,0.0,,,,,,,,,,,,,,,
Gavin Bartholomew MIN,,,,,,,,,0.0,0.0,TE,0.0,0.0,0.0,,,,,,,,,,,,,,,
Jared Wiley KC,,,,,,,,,0.0,0.0,TE,0.0,0.0,0.0,,,,,,,,,,,,,,,
Cam Grandy CIN,,,,,,,,,0.0,0.0,TE,0.0,0.0,0.0,,,,,,,,,,,,,,,
Brenden Bates CLE,,,,,,,,,0.0,0.0,TE,0.0,0.0,0.0,,,,,,,,,,,,,,,
Devin Culp TB,,,,,,,,,0.0,0.0,TE,0.0,0.0,0.0,,,,,,,,,,,,,,,
Colson Yankoff WAS,,,,,,,,,0.0,0.0,TE,0.0,0.0,0.0,,,,,,,,,,,,,,,
David Martin-Robinson TEN,,,,,,,,,0.0,0.0,TE,0.0,0.0,0.0,,,,,,,,,,,,,,,
Caleb Lohner DEN,,,,,,,,,0.0,0.0,TE,0.0,0.0,0.0,,,,,,,,,,,,,,,
,,,,,,,,,,,K,,,,Matt Gay WAS,1.8,2.2,3.0,8.5,,,,,,,,,,
,,,,,,,,,,,K,,,,Chris Boswell PIT,2.1,2.0,2.1,8.3,,,,,,,,,,
,,,,,,,,,,,K,,,,Will Reichard MIN,2.0,2.1,2.2,8.2,,,,,,,,,,
,,,,,,,,,,,K,,,,Harrison Butker KC,2.0,2.0,2.3,8.2,,,,,,,,,,
,,,,,,,,,,,K,,,,Cam Little JAC,1.9,2.1,2.5,8.1,,,,,,,,,,
,,,,,,,,,,,K,,,,Jake Elliott PHI,1.6,2.1,3.1,7.9,,,,,,,,,,
,,,,,,,,,,,K,,,,Wil Lutz DEN,1.7,2.2,2.8,7.8,,,,,,,,,,
,,,,,,,,,,,K,,,,Chad Ryland ARI,1.8,2.1,2.4,7.7,,,,,,,,,,
,,,,,,,,,,,K,,,,Cameron Dicker LAC,1.9,2.2,2.1,7.7,,,,,,,,,,
,,,,,,,,,,,K,,,,Brandon McManus GB,1.6,2.1,2.7,7.7,,,,,,,,,,
,,,,,,,,,,,K,,,,Jake Bates DET,1.7,1.8,2.6,7.7,,,,,,,,,,
,,,,,,,,,,,K,,,,Jason Myers SEA,1.8,2.1,2.2,7.6,,,,,,,,,,
,,,,,,,,,,,K,,,,Brandon Aubrey DAL,1.9,2.1,2.0,7.6,,,,,,,,,,
,,,,,,,,,,,K,,,,Riley Patterson MIA,1.7,2.2,2.3,7.5,,,,,,,,,,
,,,,,,,,,,,K,,,,Joshua Karty LAR,1.8,2.0,2.1,7.5,,,,,,,,,,
,,,,,,,,,,,K,,,,Matt Prater BUF,1.6,1.8,2.6,7.5,,,,,,,,,,
,,,,,,,,,,,K,,,,Evan McPherson CIN,1.5,2.0,2.8,7.4,,,,,,,,,,
,,,,,,,,,,,K,,,,Daniel Carlson LV,1.7,2.0,2.0,7.2,,,,,,,,,,
,,,,,,,,,,,K,,,,Tyler Loop BAL,1.4,1.8,2.9,7.1,,,,,,,,,,
,,,,,,,,,,,K,,,,Blake Grupe NO,1.7,2.0,2.0,7.1,,,,,,,,,,
,,,,,,,,,,,K,,,,Younghoe Koo ATL,1.6,2.1,2.4,7.1,,,,,,,,,,
,,,,,,,,,,,K,,,,Spencer Shrader IND,1.6,2.0,2.3,7.1,,,,,,,,,,
,,,,,,,,,,,K,,,,Cairo Santos CHI,1.6,1.9,2.2,6.9,,,,,,,,,,
,,,,,,,,,,,K,,,,Ka'imi Fairbairn HOU,1.6,2.0,2.2,6.9,,,,,,,,,,
,,,,,,,,,,,K,,,,Ryan Fitzgerald CAR,1.6,1.8,2.0,6.8,,,,,,,,,,
,,,,,,,,,,,K,,,,Nick Folk NYJ,1.6,1.8,1.8,6.7,,,,,,,,,,
,,,,,,,,,,,K,,,,Andre Szmyt CLE,1.6,1.8,1.9,6.7,,,,,,,,,,
,,,,,,,,,,,K,,,,Andy Borregales NE,1.4,1.9,2.3,6.6,,,,,,,,,,
,,,,,,,,,,,K,,,,Joey Slye TEN,1.4,1.9,1.8,6.0,,,,,,,,,,
,,,,,,,,,,,K,,,,Graham Gano NYG,1.2,1.8,2.2,5.8,,,,,,,,,,
,,,,,,,,,,,K,,,,Parker Romo ATL,0.0,0.0,0.0,0.0,,,,,,,,,,
,,,,,,,,,,,K,,,,Harrison Mevis NYJ,0.0,0.0,0.0,0.0,,,,,,,,,,
,,,,,,,,,,,K,,,,Jude McAtamney NYG,0.0,0.0,0.0,0.0,,,,,,,,,,
,,,,,,,,,,,K,,,,Eddy Pineiro SF,0.0,0.0,0.0,0.0,,,,,,,,,,
,,,,,,,,,,,K,,,,Jason Sanders MIA,0.0,0.0,0.0,0.0,,,,,,,,,,
,,,,,,,,,,,DST,,,,,,,,,Washington Commanders,3.4,0.7,0.6,1.0,0.2,0.0,19.8,329.4,8.0
,,,,,,,,,,,DST,,,,,,,,,Los Angeles Rams,3.4,0.7,0.5,0.8,0.1,0.1,19.8,334.5,7.8
,,,,,,,,,,,DST,,,,,,,,,Pittsburgh Steelers,2.7,0.7,0.7,1.2,0.2,0.0,17.1,296.0,7.6
,,,,,,,,,,,DST,,,,,,,,,Cincinnati Bengals,3.0,1.0,0.6,1.0,0.2,0.0,20.5,339.9,7.2
,,,,,,,,,,,DST,,,,,,,,,Arizona Cardinals,2.6,0.8,0.5,0.8,0.2,0.0,18.7,313.2,7.2
,,,,,,,,,,,DST,,,,,,,,,Philadelphia Eagles,2.7,0.8,0.8,1.5,0.2,0.0,20.6,332.0,7.1
,,,,,,,,,,,DST,,,,,,,,,Chicago Bears,2.9,0.9,0.7,1.1,0.2,0.0,21.7,359.4,7.0
,,,,,,,,,,,DST,,,,,,,,,Minnesota Vikings,3.6,0.6,0.6,0.9,0.1,0.0,20.9,291.7,6.9
,,,,,,,,,,,DST,,,,,,,,,San Francisco 49ers,2.9,1.0,0.5,0.8,0.2,0.0,21.8,321.3,6.8
,,,,,,,,,,,DST,,,,,,,,,New York Giants,3.3,0.6,0.7,1.1,0.1,0.0,27.0,352.7,6.7
,,,,,,,,,,,DST,,,,,,,,,Las Vegas Raiders,3.0,0.8,0.6,0.8,0.1,0.0,23.7,337.0,6.6
,,,,,,,,,,,DST,,,,,,,,,Cleveland Browns,3.1,0.6,0.5,0.9,0.1,0.1,26.2,357.8,6.3
,,,,,,,,,,,DST,,,,,,,,,New England Patriots,2.7,0.8,0.5,0.8,0.2,0.0,20.1,324.5,6.2
,,,,,,,,,,,DST,,,,,,,,,New York Jets,2.8,0.6,0.6,1.0,0.2,0.0,20.8,317.9,6.2
,,,,,,,,,,,DST,,,,,,,,,Tampa Bay Buccaneers,2.3,0.8,0.6,0.9,0.2,0.1,22.3,347.4,6.2
,,,,,,,,,,,DST,,,,,,,,,Green Bay Packers,2.5,0.7,0.6,1.0,0.2,0.0,22.9,358.8,6.1
,,,,,,,,,,,DST,,,,,,,,,Miami Dolphins,2.6,0.7,0.5,0.8,0.2,0.0,23.7,319.1,6.1
,,,,,,,,,,,DST,,,,,,,,,Atlanta Falcons,2.6,0.8,0.5,0.8,0.1,0.0,26.3,365.7,6.1
,,,,,,,,,,,DST,,,,,,,,,Kansas City Chiefs,2.9,0.6,0.5,0.8,0.1,0.0,21.6,320.0,5.9
,,,,,,,,,,,DST,,,,,,,,,Seattle Seahawks,2.4,0.8,0.5,0.9,0.2,0.0,21.3,359.6,5.9
,,,,,,,,,,,DST,,,,,,,,,Indianapolis Colts,2.4,0.7,0.6,1.0,0.2,0.0,23.0,357.3,5.8
,,,,,,,,,,,DST,,,,,,,,,Dallas Cowboys,2.8,0.5,0.5,1.0,0.1,0.0,29.0,367.9,5.8
,,,,,,,,,,,DST,,,,,,,,,Los Angeles Chargers,2.4,0.7,0.5,0.8,0.2,0.0,24.4,349.9,5.8
,,,,,,,,,,,DST,,,,,,,,,Houston Texans,2.5,0.7,0.5,0.8,0.1,0.0,23.3,334.7,5.7
,,,,,,,,,,,DST,,,,,,,,,Jacksonville Jaguars,2.3,0.7,0.5,0.7,0.2,0.0,21.0,320.3,5.7
,,,,,,,,,,,DST,,,,,,,,,Buffalo Bills,2.0,0.5,0.7,1.3,0.2,0.0,25.3,396.3,5.4
,,,,,,,,,,,DST,,,,,,,,,Detroit Lions,1.7,0.7,0.6,0.8,0.2,0.0,24.8,347.4,5.3
,,,,,,,,,,,DST,,,,,,,,,New Orleans Saints,2.0,0.7,0.5,0.7,0.1,0.0,23.8,369.7,5.2
,,,,,,,,,,,DST,,,,,,,,,Carolina Panthers,1.9,0.7,0.5,0.8,0.1,0.0,25.2,358.4,5.1
,,,,,,,,,,,DST,,,,,,,,,Baltimore Ravens,1.8,0.7,0.4,0.7,0.1,0.0,25.6,346.2,4.8
,,,,,,,,,,,DST,,,,,,,,,Tennessee Titans,1.9,0.6,0.5,0.8,0.1,0.0,25.5,340.4,4.8
