player,team,prop,pp_line,projection_id,kickoff,player_clean,prop_clean
Caleb Williams,CHI,Pass Yards,218.5,6493009,2025-09-08T20:16:00-04:00,CALEB WILLIAMS,PASSING YARDS
Travis Kelce,KC,Receiving Yards,47.5,6462978,2025-09-14T16:25:00-04:00,TRAVIS KELCE,RECEPTIONSEIVING YARDS
Roschon Johnson,CHI,Rush+Rec TDs,0.5,5650712,2025-09-08T20:15:00-04:00,ROSCHON JOHNSON,RUSH+RECEPTIONS TDS
D.J. Moore + T.J. Hockenson,CHI/MIN,Rush+Rec TDs (Combo),0.5,6491604,2025-09-08T20:15:00-04:00,DJ MOORE + TJ HOCKENSON,RUSH+RECEPTIONS TDS (COMBO)
Caleb Williams,CHI,Rush+Rec TDs,0.5,5650698,2025-09-08T20:15:00-04:00,CALEB WILLIAMS,RUSH+RECEPTIONS TDS
Caleb Williams,CHI,Pass TDs,1.5,6067930,2025-09-08T20:15:00-04:00,CALEB WILLIAMS,PASS TDS
Caleb Williams,CHI,Pass Yards,218.5,6067931,2025-09-08T20:15:00-04:00,CALEB WILLIAMS,PASSING YARDS
Caleb Williams,CHI,Rush Yards,19.5,6067932,2025-09-08T20:15:00-04:00,CALEB WILLIAMS,RUSHING YARDS
Caleb Williams,CHI,Rush Yards,23.5,6067933,2025-09-08T20:15:00-04:00,CALEB WILLIAMS,RUSHING YARDS
Caleb Williams,CHI,Rush Yards,49.5,6067934,2025-09-08T20:15:00-04:00,CALEB WILLIAMS,RUSHING YARDS
Caleb Williams,CHI,Rush Yards,39.5,6067935,2025-09-08T20:15:00-04:00,CALEB WILLIAMS,RUSHING YARDS
Caleb Williams,CHI,Rush Yards,29.5,6067936,2025-09-08T20:15:00-04:00,CALEB WILLIAMS,RUSHING YARDS
Caleb Williams,CHI,Pass TDs,0.5,6228076,2025-09-08T20:15:00-04:00,CALEB WILLIAMS,PASS TDS
Caleb Williams,CHI,Pass TDs,2.5,6228077,2025-09-08T20:15:00-04:00,CALEB WILLIAMS,PASS TDS
Caleb Williams,CHI,Pass Yards,179.5,6248407,2025-09-08T20:15:00-04:00,CALEB WILLIAMS,PASSING YARDS
Caleb Williams,CHI,Pass Yards,189.5,6248408,2025-09-08T20:15:00-04:00,CALEB WILLIAMS,PASSING YARDS
Caleb Williams,CHI,Pass Yards,169.5,6248409,2025-09-08T20:15:00-04:00,CALEB WILLIAMS,PASSING YARDS
Caleb Williams,CHI,Pass Yards,199.5,6248410,2025-09-08T20:15:00-04:00,CALEB WILLIAMS,PASSING YARDS
Caleb Williams,CHI,Pass Yards,289.5,6248411,2025-09-08T20:15:00-04:00,CALEB WILLIAMS,PASSING YARDS
Caleb Williams,CHI,Pass Yards,279.5,6248412,2025-09-08T20:15:00-04:00,CALEB WILLIAMS,PASSING YARDS
Caleb Williams,CHI,Pass Yards,269.5,6248413,2025-09-08T20:15:00-04:00,CALEB WILLIAMS,PASSING YARDS
Caleb Williams,CHI,Pass Yards,259.5,6248414,2025-09-08T20:15:00-04:00,CALEB WILLIAMS,PASSING YARDS
Caleb Williams,CHI,Rush Yards,44.5,6294107,2025-09-08T20:15:00-04:00,CALEB WILLIAMS,RUSHING YARDS
Caleb Williams,CHI,INT,1.5,6298450,2025-09-08T20:15:00-04:00,CALEB WILLIAMS,INT
Caleb Williams,CHI,INT,0.5,6298451,2025-09-08T20:15:00-04:00,CALEB WILLIAMS,INT
Caleb Williams,CHI,Longest Rush,10.5,6298452,2025-09-08T20:15:00-04:00,CALEB WILLIAMS,LONGEST RUSH
Caleb Williams,CHI,Rush Attempts,4.5,6298453,2025-09-08T20:15:00-04:00,CALEB WILLIAMS,RUSH ATTEMPTSEMPTS
Caleb Williams,CHI,Longest Completion,34.5,6299578,2025-09-08T20:15:00-04:00,CALEB WILLIAMS,LONGEST COMPLETION
Caleb Williams,CHI,Pass Attempts,31.5,6299579,2025-09-08T20:15:00-04:00,CALEB WILLIAMS,PASS ATTEMPTSEMPTSEMPTS
Caleb Williams,CHI,Pass Completions,20.5,6299580,2025-09-08T20:15:00-04:00,CALEB WILLIAMS,PASS COMPLETIONS
Caleb Williams,CHI,Pass+Rush Yds,246.5,6299581,2025-09-08T20:15:00-04:00,CALEB WILLIAMS,PASS+RUSHING YARDS
Caleb Williams,CHI,Pass Attempts,39.5,6300735,2025-09-08T20:15:00-04:00,CALEB WILLIAMS,PASS ATTEMPTSEMPTSEMPTS
Caleb Williams,CHI,Pass Attempts,29.5,6300736,2025-09-08T20:15:00-04:00,CALEB WILLIAMS,PASS ATTEMPTSEMPTSEMPTS
Caleb Williams,CHI,Pass Completions,24.5,6328582,2025-09-08T20:15:00-04:00,CALEB WILLIAMS,PASS COMPLETIONS
Caleb Williams,CHI,Pass Completions,17.5,6328583,2025-09-08T20:15:00-04:00,CALEB WILLIAMS,PASS COMPLETIONS
Caleb Williams,CHI,Rush Yards,14.5,6344226,2025-09-08T20:15:00-04:00,CALEB WILLIAMS,RUSHING YARDS
Caleb Williams,CHI,Pass+Rush Yds,209.5,6344473,2025-09-08T20:15:00-04:00,CALEB WILLIAMS,PASS+RUSHING YARDS
Caleb Williams,CHI,Pass+Rush Yds,199.5,6344474,2025-09-08T20:15:00-04:00,CALEB WILLIAMS,PASS+RUSHING YARDS
Caleb Williams,CHI,Pass+Rush Yds,219.5,6344475,2025-09-08T20:15:00-04:00,CALEB WILLIAMS,PASS+RUSHING YARDS
Caleb Williams,CHI,Pass+Rush Yds,329.5,6344476,2025-09-08T20:15:00-04:00,CALEB WILLIAMS,PASS+RUSHING YARDS
Caleb Williams,CHI,Pass+Rush Yds,319.5,6344477,2025-09-08T20:15:00-04:00,CALEB WILLIAMS,PASS+RUSHING YARDS
Caleb Williams,CHI,Pass+Rush Yds,309.5,6344478,2025-09-08T20:15:00-04:00,CALEB WILLIAMS,PASS+RUSHING YARDS
Caleb Williams,CHI,Rush Yards,9.5,6345480,2025-09-08T20:15:00-04:00,CALEB WILLIAMS,RUSHING YARDS
Caleb Williams,CHI,Rush Attempts,8.5,6356054,2025-09-08T20:15:00-04:00,CALEB WILLIAMS,RUSH ATTEMPTSEMPTS
Caleb Williams,CHI,Pass Completions,19.5,6359159,2025-09-08T20:15:00-04:00,CALEB WILLIAMS,PASS COMPLETIONS
Caleb Williams,CHI,Rush Attempts,3.5,6410729,2025-09-08T20:15:00-04:00,CALEB WILLIAMS,RUSH ATTEMPTSEMPTS
Caleb Williams,CHI,Pass Attempts,27.5,6462162,2025-09-08T20:15:00-04:00,CALEB WILLIAMS,PASS ATTEMPTSEMPTSEMPTS
Cole Kmet,CHI,Rush+Rec TDs,0.5,5650699,2025-09-08T20:15:00-04:00,COLE KMET,RUSH+RECEPTIONS TDS
Cole Kmet,CHI,Receiving Yards,14.5,6393875,2025-09-08T20:15:00-04:00,COLE KMET,RECEPTIONSEIVING YARDS
Cole Kmet,CHI,Longest Reception,9.5,6393896,2025-09-08T20:15:00-04:00,COLE KMET,LONGEST RECEPTIONSEPTION
Cole Kmet,CHI,Receiving Yards,49.5,6393899,2025-09-08T20:15:00-04:00,COLE KMET,RECEPTIONSEIVING YARDS
Cole Kmet,CHI,Receiving Yards,39.5,6393900,2025-09-08T20:15:00-04:00,COLE KMET,RECEPTIONSEIVING YARDS
Cole Kmet,CHI,Receiving Yards,24.5,6393901,2025-09-08T20:15:00-04:00,COLE KMET,RECEPTIONSEIVING YARDS
Cole Kmet,CHI,Longest Reception,24.5,6421117,2025-09-08T20:15:00-04:00,COLE KMET,LONGEST RECEPTIONSEPTION
Cole Kmet,CHI,Longest Reception,19.5,6421118,2025-09-08T20:15:00-04:00,COLE KMET,LONGEST RECEPTIONSEPTION
Cole Kmet,CHI,Receiving Yards,29.5,6421215,2025-09-08T20:15:00-04:00,COLE KMET,RECEPTIONSEIVING YARDS
Cole Kmet,CHI,Receiving Yards,4.5,6484758,2025-09-08T20:15:00-04:00,COLE KMET,RECEPTIONSEIVING YARDS
Cole Kmet,CHI,Receptions,2.5,6484759,2025-09-08T20:15:00-04:00,COLE KMET,RECEPTIONSEPTIONS
Cole Kmet,CHI,Receptions,0.5,6484855,2025-09-08T20:15:00-04:00,COLE KMET,RECEPTIONSEPTIONS
Cole Kmet,CHI,Receptions,3.5,6484979,2025-09-08T20:15:00-04:00,COLE KMET,RECEPTIONSEPTIONS
D'Andre Swift,CHI,Rush+Rec TDs,0.5,5650701,2025-09-08T20:15:00-04:00,DANDRE SWIFT,RUSH+RECEPTIONS TDS
D'Andre Swift,CHI,Rush+Rec TDs,1.5,5730715,2025-09-08T20:15:00-04:00,DANDRE SWIFT,RUSH+RECEPTIONS TDS
D'Andre Swift,CHI,Receiving Yards,16.5,6067938,2025-09-08T20:15:00-04:00,DANDRE SWIFT,RECEPTIONSEIVING YARDS
D'Andre Swift,CHI,Receiving Yards,29.5,6067939,2025-09-08T20:15:00-04:00,DANDRE SWIFT,RECEPTIONSEIVING YARDS
D'Andre Swift,CHI,Receiving Yards,19.5,6067940,2025-09-08T20:15:00-04:00,DANDRE SWIFT,RECEPTIONSEIVING YARDS
D'Andre Swift,CHI,Rush Yards,39.5,6067941,2025-09-08T20:15:00-04:00,DANDRE SWIFT,RUSHING YARDS
D'Andre Swift,CHI,Rush Yards,53.5,6067942,2025-09-08T20:15:00-04:00,DANDRE SWIFT,RUSHING YARDS
D'Andre Swift,CHI,Rush Yards,89.5,6067943,2025-09-08T20:15:00-04:00,DANDRE SWIFT,RUSHING YARDS
D'Andre Swift,CHI,Rush Yards,79.5,6067944,2025-09-08T20:15:00-04:00,DANDRE SWIFT,RUSHING YARDS
D'Andre Swift,CHI,Rush Yards,69.5,6067945,2025-09-08T20:15:00-04:00,DANDRE SWIFT,RUSHING YARDS
D'Andre Swift,CHI,Rush Yards,59.5,6067946,2025-09-08T20:15:00-04:00,DANDRE SWIFT,RUSHING YARDS
D'Andre Swift,CHI,Rush Yards,29.5,6192159,2025-09-08T20:15:00-04:00,DANDRE SWIFT,RUSHING YARDS
D'Andre Swift,CHI,Rush Yards,34.5,6294108,2025-09-08T20:15:00-04:00,DANDRE SWIFT,RUSHING YARDS
D'Andre Swift,CHI,Receiving Yards,9.5,6294379,2025-09-08T20:15:00-04:00,DANDRE SWIFT,RECEPTIONSEIVING YARDS
D'Andre Swift,CHI,Longest Rush,12.5,6298461,2025-09-08T20:15:00-04:00,DANDRE SWIFT,LONGEST RUSH
D'Andre Swift,CHI,Receptions,1.5,6298462,2025-09-08T20:15:00-04:00,DANDRE SWIFT,RECEPTIONSEPTIONS
D'Andre Swift,CHI,Receptions,3.5,6298463,2025-09-08T20:15:00-04:00,DANDRE SWIFT,RECEPTIONSEPTIONS
D'Andre Swift,CHI,Rush Attempts,19.5,6298465,2025-09-08T20:15:00-04:00,DANDRE SWIFT,RUSH ATTEMPTSEMPTS
D'Andre Swift,CHI,Rush Attempts,14.0,6298467,2025-09-08T20:15:00-04:00,DANDRE SWIFT,RUSH ATTEMPTSEMPTS
D'Andre Swift,CHI,Rush+Rec Yds,49.5,6298468,2025-09-08T20:15:00-04:00,DANDRE SWIFT,RUSH+RECEPTIONS YARDS
D'Andre Swift,CHI,Rush+Rec Yds,99.5,6298469,2025-09-08T20:15:00-04:00,DANDRE SWIFT,RUSH+RECEPTIONS YARDS
D'Andre Swift,CHI,Rush+Rec Yds,72.5,6298471,2025-09-08T20:15:00-04:00,DANDRE SWIFT,RUSH+RECEPTIONS YARDS
D'Andre Swift,CHI,Longest Reception,19.5,6299583,2025-09-08T20:15:00-04:00,DANDRE SWIFT,LONGEST RECEPTIONSEPTION
D'Andre Swift,CHI,Longest Reception,9.5,6299584,2025-09-08T20:15:00-04:00,DANDRE SWIFT,LONGEST RECEPTIONSEPTION
D'Andre Swift,CHI,Receiving Yards,39.5,6312110,2025-09-08T20:15:00-04:00,DANDRE SWIFT,RECEPTIONSEIVING YARDS
D'Andre Swift,CHI,Receiving Yards,24.5,6344948,2025-09-08T20:15:00-04:00,DANDRE SWIFT,RECEPTIONSEIVING YARDS
D'Andre Swift,CHI,Receptions,4.5,6344949,2025-09-08T20:15:00-04:00,DANDRE SWIFT,RECEPTIONSEPTIONS
D'Andre Swift,CHI,Rush+Rec Yds,59.5,6344950,2025-09-08T20:15:00-04:00,DANDRE SWIFT,RUSH+RECEPTIONS YARDS
D'Andre Swift,CHI,Rush+Rec Yds,119.5,6344951,2025-09-08T20:15:00-04:00,DANDRE SWIFT,RUSH+RECEPTIONS YARDS
D'Andre Swift,CHI,Rush Attempts,11.5,6356056,2025-09-08T20:15:00-04:00,DANDRE SWIFT,RUSH ATTEMPTSEMPTS
D'Andre Swift,CHI,Rush+Rec Yds,69.5,6407725,2025-09-08T20:15:00-04:00,DANDRE SWIFT,RUSH+RECEPTIONS YARDS
D'Andre Swift,CHI,Longest Reception,14.5,6421119,2025-09-08T20:15:00-04:00,DANDRE SWIFT,LONGEST RECEPTIONSEPTION
Aaron Jones,MIN,Rush+Rec TDs,0.5,5650697,2025-09-08T20:15:00-04:00,AARON JONES,RUSH+RECEPTIONS TDS
Aaron Jones,MIN,Receiving Yards,17.5,6068151,2025-09-08T20:15:00-04:00,AARON JONES,RECEPTIONSEIVING YARDS
Aaron Jones,MIN,Receiving Yards,39.5,6068152,2025-09-08T20:15:00-04:00,AARON JONES,RECEPTIONSEIVING YARDS
Aaron Jones,MIN,Receiving Yards,29.5,6068153,2025-09-08T20:15:00-04:00,AARON JONES,RECEPTIONSEIVING YARDS
Aaron Jones,MIN,Rush Yards,49.5,6068154,2025-09-08T20:15:00-04:00,AARON JONES,RUSHING YARDS
Aaron Jones,MIN,Rush Yards,39.5,6068155,2025-09-08T20:15:00-04:00,AARON JONES,RUSHING YARDS
Aaron Jones,MIN,Rush Yards,89.5,6068157,2025-09-08T20:15:00-04:00,AARON JONES,RUSHING YARDS
Aaron Jones,MIN,Rush Yards,79.5,6068158,2025-09-08T20:15:00-04:00,AARON JONES,RUSHING YARDS
Aaron Jones,MIN,Rush Yards,69.5,6068159,2025-09-08T20:15:00-04:00,AARON JONES,RUSHING YARDS
Aaron Jones,MIN,Receiving Yards,49.5,6294104,2025-09-08T20:15:00-04:00,AARON JONES,RECEPTIONSEIVING YARDS
Aaron Jones,MIN,Receiving Yards,9.5,6294105,2025-09-08T20:15:00-04:00,AARON JONES,RECEPTIONSEIVING YARDS
Aaron Jones,MIN,Rush Yards,34.5,6294106,2025-09-08T20:15:00-04:00,AARON JONES,RUSHING YARDS
Aaron Jones,MIN,Longest Rush,13.5,6298442,2025-09-08T20:15:00-04:00,AARON JONES,LONGEST RUSH
Aaron Jones,MIN,Receptions,1.5,6298443,2025-09-08T20:15:00-04:00,AARON JONES,RECEPTIONSEPTIONS
Aaron Jones,MIN,Receptions,4.5,6298444,2025-09-08T20:15:00-04:00,AARON JONES,RECEPTIONSEPTIONS
Aaron Jones,MIN,Receptions,3.5,6298445,2025-09-08T20:15:00-04:00,AARON JONES,RECEPTIONSEPTIONS
Aaron Jones,MIN,Receptions,2.5,6298446,2025-09-08T20:15:00-04:00,AARON JONES,RECEPTIONSEPTIONS
Aaron Jones,MIN,Rush Attempts,14.5,6298447,2025-09-08T20:15:00-04:00,AARON JONES,RUSH ATTEMPTSEMPTS
Aaron Jones,MIN,Rush Attempts,12.5,6298448,2025-09-08T20:15:00-04:00,AARON JONES,RUSH ATTEMPTSEMPTS
Aaron Jones,MIN,Rush+Rec Yds,72.5,6298449,2025-09-08T20:15:00-04:00,AARON JONES,RUSH+RECEPTIONS YARDS
Aaron Jones,MIN,Longest Reception,10.5,6299576,2025-09-08T20:15:00-04:00,AARON JONES,LONGEST RECEPTIONSEPTION
Aaron Jones,MIN,Longest Reception,19.5,6300594,2025-09-08T20:15:00-04:00,AARON JONES,LONGEST RECEPTIONSEPTION
Aaron Jones,MIN,Rush Attempts,9.5,6305365,2025-09-08T20:15:00-04:00,AARON JONES,RUSH ATTEMPTSEMPTS
Aaron Jones,MIN,Receiving Yards,24.5,6344931,2025-09-08T20:15:00-04:00,AARON JONES,RECEPTIONSEIVING YARDS
Aaron Jones,MIN,Rush+Rec Yds,129.5,6345102,2025-09-08T20:15:00-04:00,AARON JONES,RUSH+RECEPTIONS YARDS
Aaron Jones,MIN,Rush+Rec Yds,119.5,6345103,2025-09-08T20:15:00-04:00,AARON JONES,RUSH+RECEPTIONS YARDS
Aaron Jones,MIN,Rush+Rec Yds,109.5,6345104,2025-09-08T20:15:00-04:00,AARON JONES,RUSH+RECEPTIONS YARDS
Aaron Jones,MIN,Rush+Rec Yds,59.5,6345105,2025-09-08T20:15:00-04:00,AARON JONES,RUSH+RECEPTIONS YARDS
Aaron Jones,MIN,Rush+Rec Yds,49.5,6345106,2025-09-08T20:15:00-04:00,AARON JONES,RUSH+RECEPTIONS YARDS
Aaron Jones,MIN,Receiving Yards,14.5,6345508,2025-09-08T20:15:00-04:00,AARON JONES,RECEPTIONSEIVING YARDS
Aaron Jones,MIN,Rush Attempts,17.5,6356052,2025-09-08T20:15:00-04:00,AARON JONES,RUSH ATTEMPTSEMPTS
Aaron Jones,MIN,Longest Reception,14.5,6421116,2025-09-08T20:15:00-04:00,AARON JONES,LONGEST RECEPTIONSEPTION
Aaron Jones,MIN,Longest Reception,9.5,6421733,2025-09-08T20:15:00-04:00,AARON JONES,LONGEST RECEPTIONSEPTION
Aaron Jones,MIN,Rush+Rec TDs,1.5,6421734,2025-09-08T20:15:00-04:00,AARON JONES,RUSH+RECEPTIONS TDS
Aaron Jones,MIN,Receptions,5.5,6487973,2025-09-08T20:15:00-04:00,AARON JONES,RECEPTIONSEPTIONS
Cairo Santos,CHI,Kicking Points,6.5,6299577,2025-09-08T20:15:00-04:00,CAIRO SANTOS,KICKING POINTS
Cairo Santos,CHI,FG Made,1.5,6391775,2025-09-08T20:15:00-04:00,CAIRO SANTOS,FG MADE
Cairo Santos,CHI,FG Made,0.5,6451754,2025-09-08T20:15:00-04:00,CAIRO SANTOS,FG MADE
Cairo Santos,CHI,FG Made,2.5,6451755,2025-09-08T20:15:00-04:00,CAIRO SANTOS,FG MADE
D.J. Moore,CHI,Rush+Rec TDs,0.5,5650702,2025-09-08T20:15:00-04:00,DJ MOORE,RUSH+RECEPTIONS TDS
D.J. Moore,CHI,Receiving Yards,39.5,6067947,2025-09-08T20:15:00-04:00,DJ MOORE,RECEPTIONSEIVING YARDS
D.J. Moore,CHI,Receiving Yards,49.5,6067948,2025-09-08T20:15:00-04:00,DJ MOORE,RECEPTIONSEIVING YARDS
D.J. Moore,CHI,Receiving Yards,57.5,6067949,2025-09-08T20:15:00-04:00,DJ MOORE,RECEPTIONSEIVING YARDS
D.J. Moore,CHI,Receiving Yards,99.5,6067950,2025-09-08T20:15:00-04:00,DJ MOORE,RECEPTIONSEIVING YARDS
D.J. Moore,CHI,Receiving Yards,89.5,6067951,2025-09-08T20:15:00-04:00,DJ MOORE,RECEPTIONSEIVING YARDS
D.J. Moore,CHI,Receiving Yards,79.5,6067952,2025-09-08T20:15:00-04:00,DJ MOORE,RECEPTIONSEIVING YARDS
D.J. Moore,CHI,Receiving Yards,69.5,6067953,2025-09-08T20:15:00-04:00,DJ MOORE,RECEPTIONSEIVING YARDS
D.J. Moore,CHI,Receiving Yards,29.5,6149899,2025-09-08T20:15:00-04:00,DJ MOORE,RECEPTIONSEIVING YARDS
D.J. Moore,CHI,Receptions,3.5,6298472,2025-09-08T20:15:00-04:00,DJ MOORE,RECEPTIONSEPTIONS
D.J. Moore,CHI,Receptions,4.5,6298473,2025-09-08T20:15:00-04:00,DJ MOORE,RECEPTIONSEPTIONS
D.J. Moore,CHI,Receptions,8.5,6298474,2025-09-08T20:15:00-04:00,DJ MOORE,RECEPTIONSEPTIONS
D.J. Moore,CHI,Receptions,7.5,6298475,2025-09-08T20:15:00-04:00,DJ MOORE,RECEPTIONSEPTIONS
D.J. Moore,CHI,Receptions,6.5,6298476,2025-09-08T20:15:00-04:00,DJ MOORE,RECEPTIONSEPTIONS
D.J. Moore,CHI,Longest Reception,39.5,6299585,2025-09-08T20:15:00-04:00,DJ MOORE,LONGEST RECEPTIONSEPTION
D.J. Moore,CHI,Longest Reception,29.5,6299586,2025-09-08T20:15:00-04:00,DJ MOORE,LONGEST RECEPTIONSEPTION
D.J. Moore,CHI,Longest Reception,19.5,6299587,2025-09-08T20:15:00-04:00,DJ MOORE,LONGEST RECEPTIONSEPTION
D.J. Moore,CHI,Longest Reception,21.5,6299588,2025-09-08T20:15:00-04:00,DJ MOORE,LONGEST RECEPTIONSEPTION
D.J. Moore,CHI,Longest Reception,14.5,6328585,2025-09-08T20:15:00-04:00,DJ MOORE,LONGEST RECEPTIONSEPTION
D.J. Moore,CHI,Rush Yards,14.5,6497869,2025-09-08T20:15:00-04:00,DJ MOORE,RUSHING YARDS
Justin Jefferson,MIN,Rush+Rec TDs,0.5,5650707,2025-09-08T20:15:00-04:00,JUSTIN JEFFERSON,RUSH+RECEPTIONS TDS
Justin Jefferson,MIN,Rush+Rec TDs,1.5,5825188,2025-09-08T20:15:00-04:00,JUSTIN JEFFERSON,RUSH+RECEPTIONS TDS
Justin Jefferson,MIN,Receiving Yards,79.5,6068173,2025-09-08T20:15:00-04:00,JUSTIN JEFFERSON,RECEPTIONSEIVING YARDS
Justin Jefferson,MIN,Receiving Yards,59.5,6068174,2025-09-08T20:15:00-04:00,JUSTIN JEFFERSON,RECEPTIONSEIVING YARDS
Justin Jefferson,MIN,Receiving Yards,49.5,6068175,2025-09-08T20:15:00-04:00,JUSTIN JEFFERSON,RECEPTIONSEIVING YARDS
Justin Jefferson,MIN,Receiving Yards,69.5,6068176,2025-09-08T20:15:00-04:00,JUSTIN JEFFERSON,RECEPTIONSEIVING YARDS
Justin Jefferson,MIN,Receiving Yards,139.5,6068177,2025-09-08T20:15:00-04:00,JUSTIN JEFFERSON,RECEPTIONSEIVING YARDS
Justin Jefferson,MIN,Receiving Yards,129.5,6068178,2025-09-08T20:15:00-04:00,JUSTIN JEFFERSON,RECEPTIONSEIVING YARDS
Justin Jefferson,MIN,Receiving Yards,119.5,6068179,2025-09-08T20:15:00-04:00,JUSTIN JEFFERSON,RECEPTIONSEIVING YARDS
Justin Jefferson,MIN,Receiving Yards,109.5,6068180,2025-09-08T20:15:00-04:00,JUSTIN JEFFERSON,RECEPTIONSEIVING YARDS
Justin Jefferson,MIN,Receptions,4.5,6298482,2025-09-08T20:15:00-04:00,JUSTIN JEFFERSON,RECEPTIONSEPTIONS
Justin Jefferson,MIN,Receptions,5.5,6298483,2025-09-08T20:15:00-04:00,JUSTIN JEFFERSON,RECEPTIONSEPTIONS
Justin Jefferson,MIN,Receptions,9.5,6298484,2025-09-08T20:15:00-04:00,JUSTIN JEFFERSON,RECEPTIONSEPTIONS
Justin Jefferson,MIN,Receptions,8.5,6298485,2025-09-08T20:15:00-04:00,JUSTIN JEFFERSON,RECEPTIONSEPTIONS
Justin Jefferson,MIN,Receptions,7.5,6298486,2025-09-08T20:15:00-04:00,JUSTIN JEFFERSON,RECEPTIONSEPTIONS
Justin Jefferson,MIN,Longest Reception,39.5,6299595,2025-09-08T20:15:00-04:00,JUSTIN JEFFERSON,LONGEST RECEPTIONSEPTION
Justin Jefferson,MIN,Longest Reception,29.5,6299596,2025-09-08T20:15:00-04:00,JUSTIN JEFFERSON,LONGEST RECEPTIONSEPTION
Justin Jefferson,MIN,Longest Reception,19.5,6299597,2025-09-08T20:15:00-04:00,JUSTIN JEFFERSON,LONGEST RECEPTIONSEPTION
Justin Jefferson,MIN,Longest Reception,25.5,6299598,2025-09-08T20:15:00-04:00,JUSTIN JEFFERSON,LONGEST RECEPTIONSEPTION
Rome Odunze,CHI,Rush+Rec TDs,0.5,5650711,2025-09-08T20:15:00-04:00,ROME ODUNZE,RUSH+RECEPTIONS TDS
Rome Odunze,CHI,Receiving Yards,29.5,6067954,2025-09-08T20:15:00-04:00,ROME ODUNZE,RECEPTIONSEIVING YARDS
Rome Odunze,CHI,Receiving Yards,39.5,6067955,2025-09-08T20:15:00-04:00,ROME ODUNZE,RECEPTIONSEIVING YARDS
Rome Odunze,CHI,Receiving Yards,48.5,6067956,2025-09-08T20:15:00-04:00,ROME ODUNZE,RECEPTIONSEIVING YARDS
Rome Odunze,CHI,Receiving Yards,99.5,6067957,2025-09-08T20:15:00-04:00,ROME ODUNZE,RECEPTIONSEIVING YARDS
Rome Odunze,CHI,Receiving Yards,89.5,6067958,2025-09-08T20:15:00-04:00,ROME ODUNZE,RECEPTIONSEIVING YARDS
Rome Odunze,CHI,Receiving Yards,79.5,6067959,2025-09-08T20:15:00-04:00,ROME ODUNZE,RECEPTIONSEIVING YARDS
Rome Odunze,CHI,Receiving Yards,69.5,6067960,2025-09-08T20:15:00-04:00,ROME ODUNZE,RECEPTIONSEIVING YARDS
Rome Odunze,CHI,Receiving Yards,24.5,6248424,2025-09-08T20:15:00-04:00,ROME ODUNZE,RECEPTIONSEIVING YARDS
Rome Odunze,CHI,Receptions,3.5,6298487,2025-09-08T20:15:00-04:00,ROME ODUNZE,RECEPTIONSEPTIONS
Rome Odunze,CHI,Receptions,2.5,6298488,2025-09-08T20:15:00-04:00,ROME ODUNZE,RECEPTIONSEPTIONS
Rome Odunze,CHI,Receptions,7.5,6298489,2025-09-08T20:15:00-04:00,ROME ODUNZE,RECEPTIONSEPTIONS
Rome Odunze,CHI,Receptions,6.5,6298490,2025-09-08T20:15:00-04:00,ROME ODUNZE,RECEPTIONSEPTIONS
Rome Odunze,CHI,Receptions,5.5,6298491,2025-09-08T20:15:00-04:00,ROME ODUNZE,RECEPTIONSEPTIONS
Rome Odunze,CHI,Longest Reception,20.5,6299600,2025-09-08T20:15:00-04:00,ROME ODUNZE,LONGEST RECEPTIONSEPTION
Rome Odunze,CHI,Longest Reception,39.5,6300595,2025-09-08T20:15:00-04:00,ROME ODUNZE,LONGEST RECEPTIONSEPTION
Rome Odunze,CHI,Longest Reception,29.5,6300596,2025-09-08T20:15:00-04:00,ROME ODUNZE,LONGEST RECEPTIONSEPTION
Rome Odunze,CHI,Longest Reception,19.5,6300597,2025-09-08T20:15:00-04:00,ROME ODUNZE,LONGEST RECEPTIONSEPTION
Rome Odunze,CHI,Longest Reception,14.5,6328589,2025-09-08T20:15:00-04:00,ROME ODUNZE,LONGEST RECEPTIONSEPTION
Montez Sweat,CHI,Sacks,0.5,6423587,2025-09-08T20:15:00-04:00,MONTEZ SWEAT,SACKS
Will Reichard,MIN,Kicking Points,7.0,6299602,2025-09-08T20:15:00-04:00,WILL REICHARD,KICKING POINTS
Will Reichard,MIN,FG Made,3.5,6451756,2025-09-08T20:15:00-04:00,WILL REICHARD,FG MADE
Will Reichard,MIN,FG Made,2.5,6451757,2025-09-08T20:15:00-04:00,WILL REICHARD,FG MADE
Ty Chandler,MIN,Rush+Rec TDs,0.5,5738875,2025-09-08T20:15:00-04:00,TY CHANDLER,RUSH+RECEPTIONS TDS
Jalen Nailor,MIN,Rush+Rec TDs,0.5,5650704,2025-09-08T20:15:00-04:00,JALEN NAILOR,RUSH+RECEPTIONS TDS
Jalen Nailor,MIN,Receiving Yards,20.5,6068167,2025-09-08T20:15:00-04:00,JALEN NAILOR,RECEPTIONSEIVING YARDS
Jalen Nailor,MIN,Receiving Yards,69.5,6068169,2025-09-08T20:15:00-04:00,JALEN NAILOR,RECEPTIONSEIVING YARDS
Jalen Nailor,MIN,Receiving Yards,59.5,6068170,2025-09-08T20:15:00-04:00,JALEN NAILOR,RECEPTIONSEIVING YARDS
Jalen Nailor,MIN,Receiving Yards,49.5,6068171,2025-09-08T20:15:00-04:00,JALEN NAILOR,RECEPTIONSEIVING YARDS
Jalen Nailor,MIN,Receiving Yards,39.5,6068172,2025-09-08T20:15:00-04:00,JALEN NAILOR,RECEPTIONSEIVING YARDS
Jalen Nailor,MIN,Longest Reception,13.5,6299594,2025-09-08T20:15:00-04:00,JALEN NAILOR,LONGEST RECEPTIONSEPTION
Jalen Nailor,MIN,Longest Reception,19.5,6300744,2025-09-08T20:15:00-04:00,JALEN NAILOR,LONGEST RECEPTIONSEPTION
Jalen Nailor,MIN,Longest Reception,29.5,6305366,2025-09-08T20:15:00-04:00,JALEN NAILOR,LONGEST RECEPTIONSEPTION
Jalen Nailor,MIN,Receptions,3.5,6432486,2025-09-08T20:15:00-04:00,JALEN NAILOR,RECEPTIONSEPTIONS
Jalen Nailor,MIN,Receptions,1.5,6432487,2025-09-08T20:15:00-04:00,JALEN NAILOR,RECEPTIONSEPTIONS
Jalen Nailor,MIN,Longest Reception,9.5,6452939,2025-09-08T20:15:00-04:00,JALEN NAILOR,LONGEST RECEPTIONSEPTION
Jalen Nailor,MIN,Receiving Yards,9.5,6452940,2025-09-08T20:15:00-04:00,JALEN NAILOR,RECEPTIONSEIVING YARDS
Jalen Nailor,MIN,Receptions,2.5,6452941,2025-09-08T20:15:00-04:00,JALEN NAILOR,RECEPTIONSEPTIONS
Jalen Nailor,MIN,Receptions,4.5,6480742,2025-09-08T20:15:00-04:00,JALEN NAILOR,RECEPTIONSEPTIONS
Jalen Nailor,MIN,Receiving Yards,14.5,6483239,2025-09-08T20:15:00-04:00,JALEN NAILOR,RECEPTIONSEIVING YARDS
Josh Oliver,MIN,Rush+Rec TDs,0.5,5738891,2025-09-08T20:15:00-04:00,JOSH OLIVER,RUSH+RECEPTIONS TDS
Josh Oliver,MIN,Receiving Yards,39.5,6497722,2025-09-08T20:15:00-04:00,JOSH OLIVER,RECEPTIONSEIVING YARDS
Josh Oliver,MIN,Receiving Yards,24.5,6497723,2025-09-08T20:15:00-04:00,JOSH OLIVER,RECEPTIONSEIVING YARDS
Josh Oliver,MIN,Receiving Yards,6.5,6497724,2025-09-08T20:15:00-04:00,JOSH OLIVER,RECEPTIONSEIVING YARDS
Josh Oliver,MIN,Longest Reception,6.5,6497736,2025-09-08T20:15:00-04:00,JOSH OLIVER,LONGEST RECEPTIONSEPTION
Josh Oliver,MIN,Receiving Yards,49.5,6497792,2025-09-08T20:15:00-04:00,JOSH OLIVER,RECEPTIONSEIVING YARDS
T.J. Hockenson,MIN,Rush+Rec TDs,0.5,5650713,2025-09-08T20:15:00-04:00,TJ HOCKENSON,RUSH+RECEPTIONS TDS
T.J. Hockenson,MIN,Receiving Yards,42.5,6068181,2025-09-08T20:15:00-04:00,TJ HOCKENSON,RECEPTIONSEIVING YARDS
T.J. Hockenson,MIN,Receiving Yards,29.5,6068182,2025-09-08T20:15:00-04:00,TJ HOCKENSON,RECEPTIONSEIVING YARDS
T.J. Hockenson,MIN,Receiving Yards,79.5,6068184,2025-09-08T20:15:00-04:00,TJ HOCKENSON,RECEPTIONSEIVING YARDS
T.J. Hockenson,MIN,Receiving Yards,69.5,6068185,2025-09-08T20:15:00-04:00,TJ HOCKENSON,RECEPTIONSEIVING YARDS
T.J. Hockenson,MIN,Receiving Yards,59.5,6068186,2025-09-08T20:15:00-04:00,TJ HOCKENSON,RECEPTIONSEIVING YARDS
T.J. Hockenson,MIN,Receiving Yards,49.5,6068187,2025-09-08T20:15:00-04:00,TJ HOCKENSON,RECEPTIONSEIVING YARDS
T.J. Hockenson,MIN,Receiving Yards,24.5,6248425,2025-09-08T20:15:00-04:00,TJ HOCKENSON,RECEPTIONSEIVING YARDS
T.J. Hockenson,MIN,Receptions,3.5,6298492,2025-09-08T20:15:00-04:00,TJ HOCKENSON,RECEPTIONSEPTIONS
T.J. Hockenson,MIN,Receptions,7.5,6298493,2025-09-08T20:15:00-04:00,TJ HOCKENSON,RECEPTIONSEPTIONS
T.J. Hockenson,MIN,Receptions,6.5,6298494,2025-09-08T20:15:00-04:00,TJ HOCKENSON,RECEPTIONSEPTIONS
T.J. Hockenson,MIN,Receptions,5.5,6298495,2025-09-08T20:15:00-04:00,TJ HOCKENSON,RECEPTIONSEPTIONS
T.J. Hockenson,MIN,Longest Reception,17.5,6299601,2025-09-08T20:15:00-04:00,TJ HOCKENSON,LONGEST RECEPTIONSEPTION
T.J. Hockenson,MIN,Longest Reception,29.5,6300747,2025-09-08T20:15:00-04:00,TJ HOCKENSON,LONGEST RECEPTIONSEPTION
T.J. Hockenson,MIN,Longest Reception,19.5,6300748,2025-09-08T20:15:00-04:00,TJ HOCKENSON,LONGEST RECEPTIONSEPTION
T.J. Hockenson,MIN,Longest Reception,14.5,6328590,2025-09-08T20:15:00-04:00,TJ HOCKENSON,LONGEST RECEPTIONSEPTION
T.J. Hockenson,MIN,Receptions,2.5,6447765,2025-09-08T20:15:00-04:00,TJ HOCKENSON,RECEPTIONSEPTIONS
Colston Loveland,CHI,Rush+Rec TDs,0.5,5650700,2025-09-08T20:15:00-04:00,COLSTON LOVELAND,RUSH+RECEPTIONS TDS
Colston Loveland,CHI,Receiving Yards,25.5,6067937,2025-09-08T20:15:00-04:00,COLSTON LOVELAND,RECEPTIONSEIVING YARDS
Colston Loveland,CHI,Receiving Yards,19.5,6228078,2025-09-08T20:15:00-04:00,COLSTON LOVELAND,RECEPTIONSEIVING YARDS
Colston Loveland,CHI,Receiving Yards,59.5,6228079,2025-09-08T20:15:00-04:00,COLSTON LOVELAND,RECEPTIONSEIVING YARDS
Colston Loveland,CHI,Receiving Yards,49.5,6228080,2025-09-08T20:15:00-04:00,COLSTON LOVELAND,RECEPTIONSEIVING YARDS
Colston Loveland,CHI,Receiving Yards,39.5,6228081,2025-09-08T20:15:00-04:00,COLSTON LOVELAND,RECEPTIONSEIVING YARDS
Colston Loveland,CHI,Receiving Yards,14.5,6248415,2025-09-08T20:15:00-04:00,COLSTON LOVELAND,RECEPTIONSEIVING YARDS
Colston Loveland,CHI,Receiving Yards,24.5,6270258,2025-09-08T20:15:00-04:00,COLSTON LOVELAND,RECEPTIONSEIVING YARDS
Colston Loveland,CHI,Receptions,1.5,6298454,2025-09-08T20:15:00-04:00,COLSTON LOVELAND,RECEPTIONSEPTIONS
Colston Loveland,CHI,Receptions,2.5,6298455,2025-09-08T20:15:00-04:00,COLSTON LOVELAND,RECEPTIONSEPTIONS
Colston Loveland,CHI,Receptions,5.5,6298456,2025-09-08T20:15:00-04:00,COLSTON LOVELAND,RECEPTIONSEPTIONS
Colston Loveland,CHI,Receptions,4.5,6298457,2025-09-08T20:15:00-04:00,COLSTON LOVELAND,RECEPTIONSEPTIONS
Colston Loveland,CHI,Receptions,3.5,6298458,2025-09-08T20:15:00-04:00,COLSTON LOVELAND,RECEPTIONSEPTIONS
Colston Loveland,CHI,Longest Reception,14.5,6299582,2025-09-08T20:15:00-04:00,COLSTON LOVELAND,LONGEST RECEPTIONSEPTION
Colston Loveland,CHI,Longest Reception,29.5,6300737,2025-09-08T20:15:00-04:00,COLSTON LOVELAND,LONGEST RECEPTIONSEPTION
Colston Loveland,CHI,Longest Reception,19.5,6300738,2025-09-08T20:15:00-04:00,COLSTON LOVELAND,LONGEST RECEPTIONSEPTION
Colston Loveland,CHI,Longest Reception,9.5,6328584,2025-09-08T20:15:00-04:00,COLSTON LOVELAND,LONGEST RECEPTIONSEPTION
Colston Loveland,CHI,Receptions,3.0,6483412,2025-09-08T20:15:00-04:00,COLSTON LOVELAND,RECEPTIONSEPTIONS
J.J. McCarthy,MIN,Rush+Rec TDs,0.5,5650703,2025-09-08T20:15:00-04:00,JJ MCCARTHY,RUSH+RECEPTIONS TDS
J.J. McCarthy,MIN,Pass TDs,1.5,6068161,2025-09-08T20:15:00-04:00,JJ MCCARTHY,PASS TDS
J.J. McCarthy,MIN,Pass Yards,221.5,6068162,2025-09-08T20:15:00-04:00,JJ MCCARTHY,PASSING YARDS
J.J. McCarthy,MIN,Rush Yards,17.5,6068163,2025-09-08T20:15:00-04:00,JJ MCCARTHY,RUSHING YARDS
J.J. McCarthy,MIN,Rush Yards,39.5,6068164,2025-09-08T20:15:00-04:00,JJ MCCARTHY,RUSHING YARDS
J.J. McCarthy,MIN,Rush Yards,29.5,6068165,2025-09-08T20:15:00-04:00,JJ MCCARTHY,RUSHING YARDS
J.J. McCarthy,MIN,Rush Yards,19.5,6068166,2025-09-08T20:15:00-04:00,JJ MCCARTHY,RUSHING YARDS
J.J. McCarthy,MIN,Pass TDs,0.5,6228083,2025-09-08T20:15:00-04:00,JJ MCCARTHY,PASS TDS
J.J. McCarthy,MIN,Pass TDs,2.5,6228084,2025-09-08T20:15:00-04:00,JJ MCCARTHY,PASS TDS
J.J. McCarthy,MIN,Pass Yards,189.5,6248416,2025-09-08T20:15:00-04:00,JJ MCCARTHY,PASSING YARDS
J.J. McCarthy,MIN,Pass Yards,179.5,6248417,2025-09-08T20:15:00-04:00,JJ MCCARTHY,PASSING YARDS
J.J. McCarthy,MIN,Pass Yards,199.5,6248418,2025-09-08T20:15:00-04:00,JJ MCCARTHY,PASSING YARDS
J.J. McCarthy,MIN,Pass Yards,169.5,6248419,2025-09-08T20:15:00-04:00,JJ MCCARTHY,PASSING YARDS
J.J. McCarthy,MIN,Pass Yards,299.5,6248420,2025-09-08T20:15:00-04:00,JJ MCCARTHY,PASSING YARDS
J.J. McCarthy,MIN,Pass Yards,289.5,6248421,2025-09-08T20:15:00-04:00,JJ MCCARTHY,PASSING YARDS
J.J. McCarthy,MIN,Pass Yards,279.5,6248422,2025-09-08T20:15:00-04:00,JJ MCCARTHY,PASSING YARDS
J.J. McCarthy,MIN,Pass Yards,269.5,6248423,2025-09-08T20:15:00-04:00,JJ MCCARTHY,PASSING YARDS
J.J. McCarthy,MIN,Rush Yards,44.5,6294109,2025-09-08T20:15:00-04:00,JJ MCCARTHY,RUSHING YARDS
J.J. McCarthy,MIN,INT,1.5,6298477,2025-09-08T20:15:00-04:00,JJ MCCARTHY,INT
J.J. McCarthy,MIN,INT,0.5,6298478,2025-09-08T20:15:00-04:00,JJ MCCARTHY,INT
J.J. McCarthy,MIN,Longest Rush,9.5,6298479,2025-09-08T20:15:00-04:00,JJ MCCARTHY,LONGEST RUSH
J.J. McCarthy,MIN,Longest Completion,34.5,6299589,2025-09-08T20:15:00-04:00,JJ MCCARTHY,LONGEST COMPLETION
J.J. McCarthy,MIN,Pass Attempts,31.0,6299590,2025-09-08T20:15:00-04:00,JJ MCCARTHY,PASS ATTEMPTSEMPTSEMPTS
J.J. McCarthy,MIN,Pass Completions,24.5,6299591,2025-09-08T20:15:00-04:00,JJ MCCARTHY,PASS COMPLETIONS
J.J. McCarthy,MIN,Pass Completions,20.5,6299592,2025-09-08T20:15:00-04:00,JJ MCCARTHY,PASS COMPLETIONS
J.J. McCarthy,MIN,Pass+Rush Yds,241.5,6299593,2025-09-08T20:15:00-04:00,JJ MCCARTHY,PASS+RUSHING YARDS
J.J. McCarthy,MIN,Pass Attempts,39.5,6328586,2025-09-08T20:15:00-04:00,JJ MCCARTHY,PASS ATTEMPTSEMPTSEMPTS
J.J. McCarthy,MIN,Pass Attempts,29.5,6328587,2025-09-08T20:15:00-04:00,JJ MCCARTHY,PASS ATTEMPTSEMPTSEMPTS
J.J. McCarthy,MIN,Pass Completions,17.5,6328588,2025-09-08T20:15:00-04:00,JJ MCCARTHY,PASS COMPLETIONS
J.J. McCarthy,MIN,Pass+Rush Yds,209.5,6344479,2025-09-08T20:15:00-04:00,JJ MCCARTHY,PASS+RUSHING YARDS
J.J. McCarthy,MIN,Pass+Rush Yds,199.5,6344480,2025-09-08T20:15:00-04:00,JJ MCCARTHY,PASS+RUSHING YARDS
J.J. McCarthy,MIN,Pass+Rush Yds,219.5,6344481,2025-09-08T20:15:00-04:00,JJ MCCARTHY,PASS+RUSHING YARDS
J.J. McCarthy,MIN,Pass+Rush Yds,329.5,6344482,2025-09-08T20:15:00-04:00,JJ MCCARTHY,PASS+RUSHING YARDS
J.J. McCarthy,MIN,Pass+Rush Yds,319.5,6344483,2025-09-08T20:15:00-04:00,JJ MCCARTHY,PASS+RUSHING YARDS
J.J. McCarthy,MIN,Pass+Rush Yds,309.5,6344484,2025-09-08T20:15:00-04:00,JJ MCCARTHY,PASS+RUSHING YARDS
J.J. McCarthy,MIN,Rush Yards,9.5,6345481,2025-09-08T20:15:00-04:00,JJ MCCARTHY,RUSHING YARDS
J.J. McCarthy,MIN,Rush Attempts,5.5,6356057,2025-09-08T20:15:00-04:00,JJ MCCARTHY,RUSH ATTEMPTSEMPTS
J.J. McCarthy,MIN,Rush Attempts,2.5,6421216,2025-09-08T20:15:00-04:00,JJ MCCARTHY,RUSH ATTEMPTSEMPTS
J.J. McCarthy,MIN,Rush Yards,14.5,6424637,2025-09-08T20:15:00-04:00,JJ MCCARTHY,RUSHING YARDS
J.J. McCarthy,MIN,Pass Attempts,27.5,6462163,2025-09-08T20:15:00-04:00,JJ MCCARTHY,PASS ATTEMPTSEMPTSEMPTS
Jordan Mason,MIN,Rush+Rec TDs,0.5,5650706,2025-09-08T20:15:00-04:00,JORDAN MASON,RUSH+RECEPTIONS TDS
Jordan Mason,MIN,Rush Yards,29.5,6274214,2025-09-08T20:15:00-04:00,JORDAN MASON,RUSHING YARDS
Jordan Mason,MIN,Rush Yards,24.5,6274215,2025-09-08T20:15:00-04:00,JORDAN MASON,RUSHING YARDS
Jordan Mason,MIN,Rush Yards,40.5,6274216,2025-09-08T20:15:00-04:00,JORDAN MASON,RUSHING YARDS
Jordan Mason,MIN,Rush Yards,79.5,6274217,2025-09-08T20:15:00-04:00,JORDAN MASON,RUSHING YARDS
Jordan Mason,MIN,Rush Yards,69.5,6274218,2025-09-08T20:15:00-04:00,JORDAN MASON,RUSHING YARDS
Jordan Mason,MIN,Rush Yards,59.5,6274219,2025-09-08T20:15:00-04:00,JORDAN MASON,RUSHING YARDS
Jordan Mason,MIN,Rush Yards,49.5,6274220,2025-09-08T20:15:00-04:00,JORDAN MASON,RUSHING YARDS
Jordan Mason,MIN,Rush Attempts,11.5,6429034,2025-09-08T20:15:00-04:00,JORDAN MASON,RUSH ATTEMPTSEMPTS
Jordan Mason,MIN,Rush Attempts,8.5,6429036,2025-09-08T20:15:00-04:00,JORDAN MASON,RUSH ATTEMPTSEMPTS
Jordan Mason,MIN,Rush Attempts,9.5,6429041,2025-09-08T20:15:00-04:00,JORDAN MASON,RUSH ATTEMPTSEMPTS
Jordan Mason,MIN,Rush Attempts,6.5,6429916,2025-09-08T20:15:00-04:00,JORDAN MASON,RUSH ATTEMPTSEMPTS
Jordan Mason,MIN,Receiving Yards,24.5,6497768,2025-09-08T20:15:00-04:00,JORDAN MASON,RECEPTIONSEIVING YARDS
Jordan Mason,MIN,Receptions,1.5,6497770,2025-09-08T20:15:00-04:00,JORDAN MASON,RECEPTIONSEPTIONS
Jordan Mason,MIN,Receptions,0.5,6497771,2025-09-08T20:15:00-04:00,JORDAN MASON,RECEPTIONSEPTIONS
Jordan Mason,MIN,Longest Reception,4.5,6497789,2025-09-08T20:15:00-04:00,JORDAN MASON,LONGEST RECEPTIONSEPTION
Jordan Mason,MIN,Receiving Yards,4.5,6497790,2025-09-08T20:15:00-04:00,JORDAN MASON,RECEPTIONSEIVING YARDS
Kyle Monangai,CHI,Rush+Rec TDs,0.5,5650708,2025-09-08T20:15:00-04:00,KYLE MONANGAI,RUSH+RECEPTIONS TDS
Luther Burden,CHI,Rush+Rec TDs,0.5,5650709,2025-09-08T20:15:00-04:00,LUTHER BURDEN,RUSH+RECEPTIONS TDS
Luther Burden,CHI,Receiving Yards,49.5,6497727,2025-09-08T20:15:00-04:00,LUTHER BURDEN,RECEPTIONSEIVING YARDS
Luther Burden,CHI,Receiving Yards,39.5,6497728,2025-09-08T20:15:00-04:00,LUTHER BURDEN,RECEPTIONSEIVING YARDS
Luther Burden,CHI,Receiving Yards,29.5,6497729,2025-09-08T20:15:00-04:00,LUTHER BURDEN,RECEPTIONSEIVING YARDS
Luther Burden,CHI,Receiving Yards,24.5,6497730,2025-09-08T20:15:00-04:00,LUTHER BURDEN,RECEPTIONSEIVING YARDS
Luther Burden,CHI,Receiving Yards,4.5,6497731,2025-09-08T20:15:00-04:00,LUTHER BURDEN,RECEPTIONSEIVING YARDS
Luther Burden,CHI,Longest Reception,4.5,6497737,2025-09-08T20:15:00-04:00,LUTHER BURDEN,LONGEST RECEPTIONSEPTION
Luther Burden,CHI,Receiving Yards,4.5,6497793,2025-09-08T20:15:00-04:00,LUTHER BURDEN,RECEPTIONSEIVING YARDS
Luther Burden,CHI,Receptions,2.5,6498084,2025-09-08T20:15:00-04:00,LUTHER BURDEN,RECEPTIONSEPTIONS
Luther Burden,CHI,Receptions,1.5,6498085,2025-09-08T20:15:00-04:00,LUTHER BURDEN,RECEPTIONSEPTIONS
Olamide Zaccheaus,CHI,Rush+Rec TDs,0.5,5650710,2025-09-08T20:15:00-04:00,OLAMIDE ZACCHEAUS,RUSH+RECEPTIONS TDS
Olamide Zaccheaus,CHI,Receiving Yards,79.5,6274238,2025-09-08T20:15:00-04:00,OLAMIDE ZACCHEAUS,RECEPTIONSEIVING YARDS
Olamide Zaccheaus,CHI,Receiving Yards,69.5,6274239,2025-09-08T20:15:00-04:00,OLAMIDE ZACCHEAUS,RECEPTIONSEIVING YARDS
Olamide Zaccheaus,CHI,Receiving Yards,59.5,6274240,2025-09-08T20:15:00-04:00,OLAMIDE ZACCHEAUS,RECEPTIONSEIVING YARDS
Olamide Zaccheaus,CHI,Receiving Yards,49.5,6274241,2025-09-08T20:15:00-04:00,OLAMIDE ZACCHEAUS,RECEPTIONSEIVING YARDS
Olamide Zaccheaus,CHI,Receiving Yards,21.5,6274242,2025-09-08T20:15:00-04:00,OLAMIDE ZACCHEAUS,RECEPTIONSEIVING YARDS
Olamide Zaccheaus,CHI,Longest Reception,12.5,6299599,2025-09-08T20:15:00-04:00,OLAMIDE ZACCHEAUS,LONGEST RECEPTIONSEPTION
Olamide Zaccheaus,CHI,Longest Reception,29.5,6300745,2025-09-08T20:15:00-04:00,OLAMIDE ZACCHEAUS,LONGEST RECEPTIONSEPTION
Olamide Zaccheaus,CHI,Longest Reception,19.5,6300746,2025-09-08T20:15:00-04:00,OLAMIDE ZACCHEAUS,LONGEST RECEPTIONSEPTION
Olamide Zaccheaus,CHI,Receptions,2.5,6393902,2025-09-08T20:15:00-04:00,OLAMIDE ZACCHEAUS,RECEPTIONSEPTIONS
Olamide Zaccheaus,CHI,Receptions,3.5,6393903,2025-09-08T20:15:00-04:00,OLAMIDE ZACCHEAUS,RECEPTIONSEPTIONS
Olamide Zaccheaus,CHI,Receptions,1.5,6393904,2025-09-08T20:15:00-04:00,OLAMIDE ZACCHEAUS,RECEPTIONSEPTIONS
Olamide Zaccheaus,CHI,Longest Reception,9.5,6421120,2025-09-08T20:15:00-04:00,OLAMIDE ZACCHEAUS,LONGEST RECEPTIONSEPTION
Olamide Zaccheaus,CHI,Receiving Yards,9.5,6421217,2025-09-08T20:15:00-04:00,OLAMIDE ZACCHEAUS,RECEPTIONSEIVING YARDS
Olamide Zaccheaus,CHI,Receptions,4.5,6483182,2025-09-08T20:15:00-04:00,OLAMIDE ZACCHEAUS,RECEPTIONSEPTIONS
Tai Felton,MIN,Rush+Rec TDs,0.5,5650714,2025-09-08T20:15:00-04:00,TAI FELTON,RUSH+RECEPTIONS TDS
Devin Duvernay,CHI,Rush+Rec TDs,0.5,5914844,2025-09-08T20:15:00-04:00,DEVIN DUVERNAY,RUSH+RECEPTIONS TDS
Tim Jones,MIN,Rush+Rec TDs,0.5,5914845,2025-09-08T20:15:00-04:00,TIM JONES,RUSH+RECEPTIONS TDS
Blake Cashman,MIN,Sacks,0.5,6393688,2025-09-08T20:15:00-04:00,BLAKE CASHMAN,SACKS
Blake Cashman,MIN,Tackles+Ast,8.0,6430219,2025-09-08T20:15:00-04:00,BLAKE CASHMAN,TACKLES+AST
Dayo Odeyingbo,CHI,Sacks,0.5,6423583,2025-09-08T20:15:00-04:00,DAYO ODEYINGBO,SACKS
Grady Jarrett,CHI,Sacks,0.5,6423584,2025-09-08T20:15:00-04:00,GRADY JARRETT,SACKS
Grady Jarrett,CHI,Tackles+Ast,2.5,6463582,2025-09-08T20:15:00-04:00,GRADY JARRETT,TACKLES+AST
Jaquan Brisker,CHI,Sacks,0.5,6423833,2025-09-08T20:15:00-04:00,JAQUAN BRISKER,SACKS
Kevin Byard,CHI,Sacks,0.5,6423586,2025-09-08T20:15:00-04:00,KEVIN BYARD,SACKS
Kevin Byard,CHI,Tackles+Ast,7.0,6480971,2025-09-08T20:15:00-04:00,KEVIN BYARD,TACKLES+AST
Tremaine Edmunds,CHI,Sacks,0.5,6423588,2025-09-08T20:15:00-04:00,TREMAINE EDMUNDS,SACKS
Tremaine Edmunds,CHI,Tackles+Ast,8.0,6432478,2025-09-08T20:15:00-04:00,TREMAINE EDMUNDS,TACKLES+AST
Adam Thielen,MIN,Longest Reception,34.5,6425215,2025-09-08T20:15:00-04:00,ADAM THIELEN,LONGEST RECEPTIONSEPTION
Adam Thielen,MIN,Longest Reception,29.5,6425216,2025-09-08T20:15:00-04:00,ADAM THIELEN,LONGEST RECEPTIONSEPTION
Adam Thielen,MIN,Longest Reception,15.5,6425218,2025-09-08T20:15:00-04:00,ADAM THIELEN,LONGEST RECEPTIONSEPTION
Adam Thielen,MIN,Receiving Yards,69.5,6425221,2025-09-08T20:15:00-04:00,ADAM THIELEN,RECEPTIONSEIVING YARDS
Adam Thielen,MIN,Receiving Yards,64.5,6425222,2025-09-08T20:15:00-04:00,ADAM THIELEN,RECEPTIONSEIVING YARDS
Adam Thielen,MIN,Receiving Yards,59.5,6425223,2025-09-08T20:15:00-04:00,ADAM THIELEN,RECEPTIONSEIVING YARDS
Adam Thielen,MIN,Receiving Yards,49.5,6425224,2025-09-08T20:15:00-04:00,ADAM THIELEN,RECEPTIONSEIVING YARDS
Adam Thielen,MIN,Receiving Yards,19.5,6425225,2025-09-08T20:15:00-04:00,ADAM THIELEN,RECEPTIONSEIVING YARDS
Adam Thielen,MIN,Receiving Yards,24.5,6425226,2025-09-08T20:15:00-04:00,ADAM THIELEN,RECEPTIONSEIVING YARDS
Adam Thielen,MIN,Receiving Yards,14.5,6425227,2025-09-08T20:15:00-04:00,ADAM THIELEN,RECEPTIONSEIVING YARDS
Adam Thielen,MIN,Receiving Yards,26.5,6425228,2025-09-08T20:15:00-04:00,ADAM THIELEN,RECEPTIONSEIVING YARDS
Adam Thielen,MIN,Receptions,5.5,6425229,2025-09-08T20:15:00-04:00,ADAM THIELEN,RECEPTIONSEPTIONS
Adam Thielen,MIN,Receptions,4.5,6425230,2025-09-08T20:15:00-04:00,ADAM THIELEN,RECEPTIONSEPTIONS
Adam Thielen,MIN,Receptions,3.5,6425231,2025-09-08T20:15:00-04:00,ADAM THIELEN,RECEPTIONSEPTIONS
Adam Thielen,MIN,Rush+Rec TDs,0.5,6425233,2025-09-08T20:15:00-04:00,ADAM THIELEN,RUSH+RECEPTIONS TDS
Adam Thielen,MIN,Longest Reception,9.5,6480741,2025-09-08T20:15:00-04:00,ADAM THIELEN,LONGEST RECEPTIONSEPTION
Adam Thielen,MIN,Receptions,3.0,6483413,2025-09-08T20:15:00-04:00,ADAM THIELEN,RECEPTIONSEPTIONS
Adam Thielen,MIN,Receptions,1.5,6495780,2025-09-08T20:15:00-04:00,ADAM THIELEN,RECEPTIONSEPTIONS
Noah Sewell,CHI,Sacks,0.5,6463583,2025-09-08T20:15:00-04:00,NOAH SEWELL,SACKS
Gervon Dexter,CHI,Sacks,0.5,6483803,2025-09-08T20:15:00-04:00,GERVON DEXTER,SACKS
Gervon Dexter,CHI,Tackles+Ast,2.5,6483804,2025-09-08T20:15:00-04:00,GERVON DEXTER,TACKLES+AST
Andrew Billings,CHI,Sacks,0.5,6492167,2025-09-08T20:15:00-04:00,ANDREW BILLINGS,SACKS
Chris Williams,CHI,Sacks,0.5,6492168,2025-09-08T20:15:00-04:00,CHRIS WILLIAMS,SACKS
Ivan Pace,MIN,Sacks,0.5,6492169,2025-09-08T20:15:00-04:00,IVAN PACE,SACKS
Ivan Pace,MIN,Tackles+Ast,6.5,6492181,2025-09-08T20:15:00-04:00,IVAN PACE,TACKLES+AST
Jalen Redmond,MIN,Sacks,0.5,6492170,2025-09-08T20:15:00-04:00,JALEN REDMOND,SACKS
Javon Hargrave,MIN,Sacks,0.5,6492171,2025-09-08T20:15:00-04:00,JAVON HARGRAVE,SACKS
Jonathan Allen,MIN,Sacks,0.5,6492172,2025-09-08T20:15:00-04:00,JONATHAN ALLEN,SACKS
Tyrion Ingram-Dawkins,MIN,Sacks,0.5,6492173,2025-09-08T20:15:00-04:00,TYRION INGRAM DAWKINS,SACKS
Byron Murphy,MIN,Tackles+Ast,4.5,6492177,2025-09-08T20:15:00-04:00,BYRON MURPHY,TACKLES+AST
Shemar Turner,CHI,Sacks,0.5,6492178,2025-09-08T20:15:00-04:00,SHEMAR TURNER,SACKS
Ruben Hyppolite,CHI,Sacks,0.5,6495744,2025-09-08T20:15:00-04:00,RUBEN HYPPOLITE,SACKS
Colston Loveland,CHI,Yards on First Reception,8.5,6403024,2025-09-08T20:15:00-04:00,COLSTON LOVELAND,YARDS ON FIRST RECEPTIONSEPTION
Colston Loveland,CHI,Receiving Yards in First 2 Receptions,18.5,6403027,2025-09-08T20:15:00-04:00,COLSTON LOVELAND,RECEPTIONSEIVING YARDS IN FIRST 2 RECEPTIONSEPTIONS
Jordan Mason,MIN,Rush Yards in First 5 Attempts,20.5,6431615,2025-09-08T20:15:00-04:00,JORDAN MASON,RUSHING YARDS IN FIRST 5 ATTEMPTSEMPTS
Jordan Mason,MIN,Yards on First Rush Attempt,3.5,6431623,2025-09-08T20:15:00-04:00,JORDAN MASON,YARDS ON FIRST RUSH ATTEMPTSEMPT
Caleb Williams,CHI,Fantasy Score,16.5,6305425,2025-09-08T20:15:00-04:00,CALEB WILLIAMS,FANTASY SCORE
Caleb Williams,CHI,Pass+Rush+Rec TDs,1.5,6391222,2025-09-08T20:15:00-04:00,CALEB WILLIAMS,PASS+RUSH+RECEPTIONS TDS
Caleb Williams,CHI,Yards on First Pass Completion,7.5,6442623,2025-09-08T20:15:00-04:00,CALEB WILLIAMS,YARDS ON FIRST PASS COMPLETION
Caleb Williams,CHI,Completion Percentage,65.1,6446645,2025-09-08T20:15:00-04:00,CALEB WILLIAMS,COMPLETION PERCENTAGE
Caleb Williams,CHI,Quarters with 25+ Pass Yards,3.5,6492623,2025-09-08T20:15:00-04:00,CALEB WILLIAMS,QUARTERS WITH 25+ PASSING YARDS
Caleb Williams,CHI,Halves with 100+ Pass Yards,1.5,6492635,2025-09-08T20:15:00-04:00,CALEB WILLIAMS,HALVES WITH 100+ PASSING YARDS
Caleb Williams,CHI,Quarters with 50+ Pass Yards,3.5,6492642,2025-09-08T20:15:00-04:00,CALEB WILLIAMS,QUARTERS WITH 50+ PASSING YARDS
Caleb Williams,CHI,Sacks Taken,3.0,6492735,2025-09-08T20:15:00-04:00,CALEB WILLIAMS,SACKS TAKEN
D'Andre Swift,CHI,Rec Targets,3.0,6355331,2025-09-08T20:15:00-04:00,DANDRE SWIFT,RECEPTIONS TARGETS
D'Andre Swift,CHI,Quarters With 5+ Rush Yards,3.5,6424658,2025-09-08T20:15:00-04:00,DANDRE SWIFT,QUARTERS WITH 5+ RUSHING YARDS
D'Andre Swift,CHI,Rush Yards in First 5 Attempts,18.5,6442047,2025-09-08T20:15:00-04:00,DANDRE SWIFT,RUSHING YARDS IN FIRST 5 ATTEMPTSEMPTS
D'Andre Swift,CHI,Yards on First Rush Attempt,3.5,6443076,2025-09-08T20:15:00-04:00,DANDRE SWIFT,YARDS ON FIRST RUSH ATTEMPTSEMPT
D'Andre Swift,CHI,Fantasy Score,12.0,6448223,2025-09-08T20:15:00-04:00,DANDRE SWIFT,FANTASY SCORE
D'Andre Swift,CHI,Yards on First Rush Attempt,9.5,6492663,2025-09-08T20:15:00-04:00,DANDRE SWIFT,YARDS ON FIRST RUSH ATTEMPTSEMPT
D'Andre Swift,CHI,Halves with 25+ Rush Yards,1.5,6492729,2025-09-08T20:15:00-04:00,DANDRE SWIFT,HALVES WITH 25+ RUSHING YARDS
D'Andre Swift,CHI,Quarters with 10+ Rush Yards,3.5,6492737,2025-09-08T20:15:00-04:00,DANDRE SWIFT,QUARTERS WITH 10+ RUSHING YARDS
Aaron Jones,MIN,Fantasy Score,12.5,6301148,2025-09-08T20:15:00-04:00,AARON JONES,FANTASY SCORE
Aaron Jones,MIN,Rec Targets,3.5,6355366,2025-09-08T20:15:00-04:00,AARON JONES,RECEPTIONS TARGETS
Aaron Jones,MIN,Quarters With 5+ Rush Yards,3.5,6424659,2025-09-08T20:15:00-04:00,AARON JONES,QUARTERS WITH 5+ RUSHING YARDS
Aaron Jones,MIN,Rush Yards in First 5 Attempts,20.5,6442048,2025-09-08T20:15:00-04:00,AARON JONES,RUSHING YARDS IN FIRST 5 ATTEMPTSEMPTS
Aaron Jones,MIN,Yards on First Rush Attempt,3.5,6443077,2025-09-08T20:15:00-04:00,AARON JONES,YARDS ON FIRST RUSH ATTEMPTSEMPT
Aaron Jones,MIN,Yards on First Rush Attempt,9.5,6492664,2025-09-08T20:15:00-04:00,AARON JONES,YARDS ON FIRST RUSH ATTEMPTSEMPT
Aaron Jones,MIN,Halves with 25+ Rush Yards,1.5,6492731,2025-09-08T20:15:00-04:00,AARON JONES,HALVES WITH 25+ RUSHING YARDS
Aaron Jones,MIN,Quarters with 10+ Rush Yards,3.5,6492738,2025-09-08T20:15:00-04:00,AARON JONES,QUARTERS WITH 10+ RUSHING YARDS
Cairo Santos,CHI,Fantasy Score,7.5,6447815,2025-09-08T20:15:00-04:00,CAIRO SANTOS,FANTASY SCORE
D.J. Moore,CHI,Rush Yards,4.5,5912913,2025-09-08T20:15:00-04:00,DJ MOORE,RUSHING YARDS
D.J. Moore,CHI,Fantasy Score,13.0,6301143,2025-09-08T20:15:00-04:00,DJ MOORE,FANTASY SCORE
D.J. Moore,CHI,Rec Targets,8.0,6355329,2025-09-08T20:15:00-04:00,DJ MOORE,RECEPTIONS TARGETS
D.J. Moore,CHI,Quarters With 1+ Reception,3.5,6430866,2025-09-08T20:15:00-04:00,DJ MOORE,QUARTERS WITH 1+ RECEPTIONSEPTION
D.J. Moore,CHI,Receiving Yards in First 2 Receptions,20.5,6442234,2025-09-08T20:15:00-04:00,DJ MOORE,RECEPTIONSEIVING YARDS IN FIRST 2 RECEPTIONSEPTIONS
D.J. Moore,CHI,Receptions,5.5,6492152,2025-09-08T20:15:00-04:00,DJ MOORE,RECEPTIONSEPTIONS
D.J. Moore,CHI,Yards on First Reception,9.5,6492653,2025-09-08T20:15:00-04:00,DJ MOORE,YARDS ON FIRST RECEPTIONSEPTION
D.J. Moore,CHI,Halves with 25+ Receiving Yards,1.5,6492790,2025-09-08T20:15:00-04:00,DJ MOORE,HALVES WITH 25+ RECEPTIONSEIVING YARDS
D.J. Moore,CHI,Quarters with 10+ Receiving Yards,3.5,6493688,2025-09-08T20:15:00-04:00,DJ MOORE,QUARTERS WITH 10+ RECEPTIONSEIVING YARDS
Justin Jefferson,MIN,Fantasy Score,16.5,6301144,2025-09-08T20:15:00-04:00,JUSTIN JEFFERSON,FANTASY SCORE
Justin Jefferson,MIN,Receptions,6.0,6307675,2025-09-08T20:15:00-04:00,JUSTIN JEFFERSON,RECEPTIONSEPTIONS
Justin Jefferson,MIN,Rec Targets,9.5,6355364,2025-09-08T20:15:00-04:00,JUSTIN JEFFERSON,RECEPTIONS TARGETS
Justin Jefferson,MIN,Quarters With 1+ Reception,3.5,6430865,2025-09-08T20:15:00-04:00,JUSTIN JEFFERSON,QUARTERS WITH 1+ RECEPTIONSEPTION
Justin Jefferson,MIN,Receiving Yards in First 2 Receptions,23.5,6442235,2025-09-08T20:15:00-04:00,JUSTIN JEFFERSON,RECEPTIONSEIVING YARDS IN FIRST 2 RECEPTIONSEPTIONS
Justin Jefferson,MIN,Yards on First Reception,10.5,6492655,2025-09-08T20:15:00-04:00,JUSTIN JEFFERSON,YARDS ON FIRST RECEPTIONSEPTION
Justin Jefferson,MIN,Yards on First Reception,19.5,6492660,2025-09-08T20:15:00-04:00,JUSTIN JEFFERSON,YARDS ON FIRST RECEPTIONSEPTION
Justin Jefferson,MIN,Halves with 25+ Receiving Yards,1.5,6492787,2025-09-08T20:15:00-04:00,JUSTIN JEFFERSON,HALVES WITH 25+ RECEPTIONSEIVING YARDS
Justin Jefferson,MIN,Quarters with 10+ Receiving Yards,3.5,6493687,2025-09-08T20:15:00-04:00,JUSTIN JEFFERSON,QUARTERS WITH 10+ RECEPTIONSEIVING YARDS
Rome Odunze,CHI,Fantasy Score,11.5,6301146,2025-09-08T20:15:00-04:00,ROME ODUNZE,FANTASY SCORE
Rome Odunze,CHI,Receptions,4.0,6307674,2025-09-08T20:15:00-04:00,ROME ODUNZE,RECEPTIONSEPTIONS
Rome Odunze,CHI,Rec Targets,7.0,6355330,2025-09-08T20:15:00-04:00,ROME ODUNZE,RECEPTIONS TARGETS
Rome Odunze,CHI,Receiving Yards in First 2 Receptions,20.5,6442233,2025-09-08T20:15:00-04:00,ROME ODUNZE,RECEPTIONSEIVING YARDS IN FIRST 2 RECEPTIONSEPTIONS
Rome Odunze,CHI,Yards on First Reception,10.5,6492654,2025-09-08T20:15:00-04:00,ROME ODUNZE,YARDS ON FIRST RECEPTIONSEPTION
Rome Odunze,CHI,Halves with 25+ Receiving Yards,1.5,6492788,2025-09-08T20:15:00-04:00,ROME ODUNZE,HALVES WITH 25+ RECEPTIONSEIVING YARDS
Will Reichard,MIN,Fantasy Score,8.0,6447816,2025-09-08T20:15:00-04:00,WILL REICHARD,FANTASY SCORE
Will Reichard,MIN,FG Made,1.5,6498280,2025-09-08T20:15:00-04:00,WILL REICHARD,FG MADE
Tory Taylor,CHI,Punts,4.0,6435580,2025-09-08T20:15:00-04:00,TORY TAYLOR,PUNTS
Tory Taylor,CHI,Punts Inside 20,1.5,6435588,2025-09-08T20:15:00-04:00,TORY TAYLOR,PUNTS INSIDE 20
Ryan Wright,MIN,Punts,3.5,6435582,2025-09-08T20:15:00-04:00,RYAN WRIGHT,PUNTS
Ryan Wright,MIN,Punts Inside 20,1.5,6435590,2025-09-08T20:15:00-04:00,RYAN WRIGHT,PUNTS INSIDE 20
T.J. Hockenson,MIN,Fantasy Score,10.5,6301149,2025-09-08T20:15:00-04:00,TJ HOCKENSON,FANTASY SCORE
T.J. Hockenson,MIN,Rec Targets,6.5,6355365,2025-09-08T20:15:00-04:00,TJ HOCKENSON,RECEPTIONS TARGETS
T.J. Hockenson,MIN,Receiving Yards in First 2 Receptions,18.5,6442236,2025-09-08T20:15:00-04:00,TJ HOCKENSON,RECEPTIONSEIVING YARDS IN FIRST 2 RECEPTIONSEPTIONS
T.J. Hockenson,MIN,Receptions,4.5,6491600,2025-09-08T20:15:00-04:00,TJ HOCKENSON,RECEPTIONSEPTIONS
T.J. Hockenson,MIN,Yards on First Reception,8.5,6492651,2025-09-08T20:15:00-04:00,TJ HOCKENSON,YARDS ON FIRST RECEPTIONSEPTION
T.J. Hockenson,MIN,Yards on First Reception,19.5,6492667,2025-09-08T20:15:00-04:00,TJ HOCKENSON,YARDS ON FIRST RECEPTIONSEPTION
T.J. Hockenson,MIN,Halves with 25+ Receiving Yards,1.5,6492789,2025-09-08T20:15:00-04:00,TJ HOCKENSON,HALVES WITH 25+ RECEPTIONSEIVING YARDS
D'Andre Swift + Aaron Jones,CHI/MIN,Rush Yards (Combo),102.5,6453860,2025-09-08T20:15:00-04:00,DANDRE SWIFT + AARON JONES,RUSHING YARDS (COMBO)
Justin Jefferson + D.J. Moore,MIN/CHI,Receiving Yards (Combo),135.5,6453861,2025-09-08T20:15:00-04:00,JUSTIN JEFFERSON + DJ MOORE,RECEPTIONSEIVING YARDS (COMBO)
Colston Loveland,CHI,Rec Targets,4.5,6355332,2025-09-08T20:15:00-04:00,COLSTON LOVELAND,RECEPTIONS TARGETS
Colston Loveland,CHI,Fantasy Score,7.0,6448222,2025-09-08T20:15:00-04:00,COLSTON LOVELAND,FANTASY SCORE
Colston Loveland,CHI,Yards on First Reception,19.5,6492659,2025-09-08T20:15:00-04:00,COLSTON LOVELAND,YARDS ON FIRST RECEPTIONSEPTION
Colston Loveland,CHI,Halves with 25+ Receiving Yards,1.5,6497247,2025-09-08T20:15:00-04:00,COLSTON LOVELAND,HALVES WITH 25+ RECEPTIONSEIVING YARDS
J.J. McCarthy,MIN,Fantasy Score,15.5,6305426,2025-09-08T20:15:00-04:00,JJ MCCARTHY,FANTASY SCORE
J.J. McCarthy,MIN,Pass+Rush+Rec TDs,1.5,6391223,2025-09-08T20:15:00-04:00,JJ MCCARTHY,PASS+RUSH+RECEPTIONS TDS
J.J. McCarthy,MIN,Yards on First Pass Completion,7.5,6442624,2025-09-08T20:15:00-04:00,JJ MCCARTHY,YARDS ON FIRST PASS COMPLETION
J.J. McCarthy,MIN,Completion Percentage,65.1,6446646,2025-09-08T20:15:00-04:00,JJ MCCARTHY,COMPLETION PERCENTAGE
J.J. McCarthy,MIN,Quarters with 25+ Pass Yards,3.5,6492624,2025-09-08T20:15:00-04:00,JJ MCCARTHY,QUARTERS WITH 25+ PASSING YARDS
J.J. McCarthy,MIN,Halves with 100+ Pass Yards,1.5,6492636,2025-09-08T20:15:00-04:00,JJ MCCARTHY,HALVES WITH 100+ PASSING YARDS
J.J. McCarthy,MIN,Quarters with 50+ Pass Yards,3.5,6492643,2025-09-08T20:15:00-04:00,JJ MCCARTHY,QUARTERS WITH 50+ PASSING YARDS
J.J. McCarthy,MIN,Sacks Taken,2.5,6492734,2025-09-08T20:15:00-04:00,JJ MCCARTHY,SACKS TAKEN
Jordan Mason,MIN,Quarters With 5+ Rush Yards,3.5,6424660,2025-09-08T20:15:00-04:00,JORDAN MASON,QUARTERS WITH 5+ RUSHING YARDS
Jordan Mason,MIN,Yards on First Rush Attempt,9.5,6492665,2025-09-08T20:15:00-04:00,JORDAN MASON,YARDS ON FIRST RUSH ATTEMPTSEMPT
Jordan Mason,MIN,Halves with 25+ Rush Yards,1.5,6492730,2025-09-08T20:15:00-04:00,JORDAN MASON,HALVES WITH 25+ RUSHING YARDS
Cairo Santos + Will Reichard,CHI/MIN,FG Made (Combo),3.5,6398147,2025-09-08T20:15:00-04:00,CAIRO SANTOS + WILL REICHARD,FG MADE (COMBO)
Cairo Santos + Will Reichard,CHI/MIN,Longest FG Made Yds (Combo),50.5,6398151,2025-09-08T20:15:00-04:00,CAIRO SANTOS + WILL REICHARD,LONGEST FG MADE YARDS (COMBO)
Cairo Santos + Will Reichard,CHI/MIN,Shortest FG Made Yds (Combo),26.5,6398152,2025-09-08T20:15:00-04:00,CAIRO SANTOS + WILL REICHARD,SHORTEST FG MADE YARDS (COMBO)
Cairo Santos + Will Reichard,CHI/MIN,Field Goal Yards (Combo),147.5,6398153,2025-09-08T20:15:00-04:00,CAIRO SANTOS + WILL REICHARD,FIELD GOAL YARDS (COMBO)
Adam Thielen,MIN,Fantasy Score,6.5,6448224,2025-09-08T20:15:00-04:00,ADAM THIELEN,FANTASY SCORE
Adam Thielen,MIN,Yards on First Reception,8.5,6492652,2025-09-08T20:15:00-04:00,ADAM THIELEN,YARDS ON FIRST RECEPTIONSEPTION
Adam Thielen,MIN,Yards on First Reception,19.5,6492662,2025-09-08T20:15:00-04:00,ADAM THIELEN,YARDS ON FIRST RECEPTIONSEPTION
Adam Thielen,MIN,Rec Targets,3.5,6493690,2025-09-08T20:15:00-04:00,ADAM THIELEN,RECEPTIONS TARGETS
Adam Thielen,MIN,Halves with 25+ Receiving Yards,1.5,6495746,2025-09-08T20:15:00-04:00,ADAM THIELEN,HALVES WITH 25+ RECEPTIONSEIVING YARDS
Caleb Williams + J.J. McCarthy,CHI/MIN,Pass Yards (Combo),439.5,6453859,2025-09-08T20:15:00-04:00,CALEB WILLIAMS + JJ MCCARTHY,PASSING YARDS (COMBO)
Rome Odunze + T.J. Hockenson,CHI/MIN,Receiving Yards (Combo),91.5,6453862,2025-09-08T20:15:00-04:00,ROME ODUNZE + TJ HOCKENSON,RECEPTIONSEIVING YARDS (COMBO)
Rashan Gary,GB,Sacks,0.5,6492597,2025-09-11T20:15:00-04:00,RASHAN GARY,SACKS
Jordan Love,GB,Rush+Rec TDs,0.5,6488588,2025-09-11T20:15:00-04:00,JORDAN LOVE,RUSH+RECEPTIONS TDS
Jordan Love,GB,INT,0.5,6492440,2025-09-11T20:15:00-04:00,JORDAN LOVE,INT
Jordan Love,GB,Longest Completion,36.5,6492441,2025-09-11T20:15:00-04:00,JORDAN LOVE,LONGEST COMPLETION
Jordan Love,GB,Longest Rush,5.5,6492442,2025-09-11T20:15:00-04:00,JORDAN LOVE,LONGEST RUSH
Jordan Love,GB,Pass Attempts,31.5,6492443,2025-09-11T20:15:00-04:00,JORDAN LOVE,PASS ATTEMPTSEMPTSEMPTS
Jordan Love,GB,Pass TDs,1.5,6492444,2025-09-11T20:15:00-04:00,JORDAN LOVE,PASS TDS
Jordan Love,GB,Pass TDs,2.5,6492445,2025-09-11T20:15:00-04:00,JORDAN LOVE,PASS TDS
Jordan Love,GB,Pass Yards,199.5,6492452,2025-09-11T20:15:00-04:00,JORDAN LOVE,PASSING YARDS
Jordan Love,GB,Pass Yards,224.5,6492453,2025-09-11T20:15:00-04:00,JORDAN LOVE,PASSING YARDS
Jordan Love,GB,Pass Yards,324.5,6492454,2025-09-11T20:15:00-04:00,JORDAN LOVE,PASSING YARDS
Jordan Love,GB,Pass Yards,299.5,6492455,2025-09-11T20:15:00-04:00,JORDAN LOVE,PASSING YARDS
Jordan Love,GB,Pass Yards,274.5,6492456,2025-09-11T20:15:00-04:00,JORDAN LOVE,PASSING YARDS
Jordan Love,GB,Pass Yards,249.5,6492457,2025-09-11T20:15:00-04:00,JORDAN LOVE,PASSING YARDS
Jordan Love,GB,Pass Yards,233.5,6492517,2025-09-11T20:15:00-04:00,JORDAN LOVE,PASSING YARDS
Jordan Love,GB,Rush Yards,6.5,6492519,2025-09-11T20:15:00-04:00,JORDAN LOVE,RUSHING YARDS
Jordan Love,GB,Rush Yards,24.5,6492520,2025-09-11T20:15:00-04:00,JORDAN LOVE,RUSHING YARDS
Jordan Love,GB,Pass+Rush Yds,243.5,6495831,2025-09-11T20:15:00-04:00,JORDAN LOVE,PASS+RUSHING YARDS
Josh Jacobs,GB,Rush+Rec TDs,1.5,6488589,2025-09-11T20:15:00-04:00,JOSH JACOBS,RUSH+RECEPTIONS TDS
Josh Jacobs,GB,Rush+Rec TDs,0.5,6488590,2025-09-11T20:15:00-04:00,JOSH JACOBS,RUSH+RECEPTIONS TDS
Josh Jacobs,GB,Longest Reception,8.5,6492459,2025-09-11T20:15:00-04:00,JOSH JACOBS,LONGEST RECEPTIONSEPTION
Josh Jacobs,GB,Longest Rush,14.5,6492460,2025-09-11T20:15:00-04:00,JOSH JACOBS,LONGEST RUSH
Josh Jacobs,GB,Receiving Yards,11.5,6492523,2025-09-11T20:15:00-04:00,JOSH JACOBS,RECEPTIONSEIVING YARDS
Josh Jacobs,GB,Receiving Yards,49.5,6492524,2025-09-11T20:15:00-04:00,JOSH JACOBS,RECEPTIONSEIVING YARDS
Josh Jacobs,GB,Receiving Yards,39.5,6492525,2025-09-11T20:15:00-04:00,JOSH JACOBS,RECEPTIONSEIVING YARDS
Josh Jacobs,GB,Receiving Yards,24.5,6492526,2025-09-11T20:15:00-04:00,JOSH JACOBS,RECEPTIONSEIVING YARDS
Josh Jacobs,GB,Receptions,1.5,6492527,2025-09-11T20:15:00-04:00,JOSH JACOBS,RECEPTIONSEPTIONS
Josh Jacobs,GB,Receptions,3.5,6492528,2025-09-11T20:15:00-04:00,JOSH JACOBS,RECEPTIONSEPTIONS
Josh Jacobs,GB,Rush Attempts,17.5,6492529,2025-09-11T20:15:00-04:00,JOSH JACOBS,RUSH ATTEMPTSEMPTS
Josh Jacobs,GB,Rush Attempts,14.5,6492530,2025-09-11T20:15:00-04:00,JOSH JACOBS,RUSH ATTEMPTSEMPTS
Josh Jacobs,GB,Rush Attempts,20.5,6492531,2025-09-11T20:15:00-04:00,JOSH JACOBS,RUSH ATTEMPTSEMPTS
Josh Jacobs,GB,Rush Yards,64.5,6492538,2025-09-11T20:15:00-04:00,JOSH JACOBS,RUSHING YARDS
Josh Jacobs,GB,Rush Yards,99.5,6492539,2025-09-11T20:15:00-04:00,JOSH JACOBS,RUSHING YARDS
Josh Jacobs,GB,Rush Yards,79.5,6492540,2025-09-11T20:15:00-04:00,JOSH JACOBS,RUSHING YARDS
Josh Jacobs,GB,Rush Yards,72.5,6492648,2025-09-11T20:15:00-04:00,JOSH JACOBS,RUSHING YARDS
Josh Jacobs,GB,Rush Yards,49.5,6497944,2025-09-11T20:15:00-04:00,JOSH JACOBS,RUSHING YARDS
Jayden Reed,GB,Rush+Rec TDs,0.5,6488586,2025-09-11T20:15:00-04:00,JAYDEN REED,RUSH+RECEPTIONS TDS
Jayden Reed,GB,Longest Reception,18.5,6492504,2025-09-11T20:15:00-04:00,JAYDEN REED,LONGEST RECEPTIONSEPTION
Jayden Reed,GB,Receiving Yards,35.5,6492509,2025-09-11T20:15:00-04:00,JAYDEN REED,RECEPTIONSEIVING YARDS
Jayden Reed,GB,Receiving Yards,24.5,6492510,2025-09-11T20:15:00-04:00,JAYDEN REED,RECEPTIONSEIVING YARDS
Jayden Reed,GB,Receiving Yards,79.5,6492511,2025-09-11T20:15:00-04:00,JAYDEN REED,RECEPTIONSEIVING YARDS
Jayden Reed,GB,Receiving Yards,64.5,6492512,2025-09-11T20:15:00-04:00,JAYDEN REED,RECEPTIONSEIVING YARDS
Jayden Reed,GB,Receiving Yards,49.5,6492513,2025-09-11T20:15:00-04:00,JAYDEN REED,RECEPTIONSEIVING YARDS
Jayden Reed,GB,Receptions,5.5,6492514,2025-09-11T20:15:00-04:00,JAYDEN REED,RECEPTIONSEPTIONS
Jayden Reed,GB,Receptions,3.5,6492515,2025-09-11T20:15:00-04:00,JAYDEN REED,RECEPTIONSEPTIONS
Jayden Reed,GB,Receiving Yards,39.5,6492640,2025-09-11T20:15:00-04:00,JAYDEN REED,RECEPTIONSEIVING YARDS
Romeo Doubs,GB,Rush+Rec TDs,0.5,6488594,2025-09-11T20:15:00-04:00,ROMEO DOUBS,RUSH+RECEPTIONS TDS
Romeo Doubs,GB,Receiving Yards,38.5,6492559,2025-09-11T20:15:00-04:00,ROMEO DOUBS,RECEPTIONSEIVING YARDS
Romeo Doubs,GB,Receiving Yards,24.5,6492560,2025-09-11T20:15:00-04:00,ROMEO DOUBS,RECEPTIONSEIVING YARDS
Romeo Doubs,GB,Receiving Yards,79.5,6492561,2025-09-11T20:15:00-04:00,ROMEO DOUBS,RECEPTIONSEIVING YARDS
Romeo Doubs,GB,Receiving Yards,64.5,6492562,2025-09-11T20:15:00-04:00,ROMEO DOUBS,RECEPTIONSEIVING YARDS
Romeo Doubs,GB,Receiving Yards,49.5,6492563,2025-09-11T20:15:00-04:00,ROMEO DOUBS,RECEPTIONSEIVING YARDS
Romeo Doubs,GB,Receptions,5.5,6492564,2025-09-11T20:15:00-04:00,ROMEO DOUBS,RECEPTIONSEPTIONS
Romeo Doubs,GB,Receptions,3.5,6492565,2025-09-11T20:15:00-04:00,ROMEO DOUBS,RECEPTIONSEPTIONS
Romeo Doubs,GB,Longest Reception,18.5,6492632,2025-09-11T20:15:00-04:00,ROMEO DOUBS,LONGEST RECEPTIONSEPTION
Jayden Daniels,WAS,Rush+Rec TDs,0.5,6488585,2025-09-11T20:15:00-04:00,JAYDEN DANIELS,RUSH+RECEPTIONS TDS
Jayden Daniels,WAS,Pass TDs,2.5,6492282,2025-09-11T20:15:00-04:00,JAYDEN DANIELS,PASS TDS
Jayden Daniels,WAS,Pass TDs,1.5,6492283,2025-09-11T20:15:00-04:00,JAYDEN DANIELS,PASS TDS
Jayden Daniels,WAS,INT,0.5,6492377,2025-09-11T20:15:00-04:00,JAYDEN DANIELS,INT
Jayden Daniels,WAS,Longest Completion,35.5,6492378,2025-09-11T20:15:00-04:00,JAYDEN DANIELS,LONGEST COMPLETION
Jayden Daniels,WAS,Pass Yards,299.5,6492385,2025-09-11T20:15:00-04:00,JAYDEN DANIELS,PASSING YARDS
Jayden Daniels,WAS,Pass Yards,274.5,6492386,2025-09-11T20:15:00-04:00,JAYDEN DANIELS,PASSING YARDS
Jayden Daniels,WAS,Pass Yards,249.5,6492387,2025-09-11T20:15:00-04:00,JAYDEN DANIELS,PASSING YARDS
Jayden Daniels,WAS,Pass Yards,199.5,6492388,2025-09-11T20:15:00-04:00,JAYDEN DANIELS,PASSING YARDS
Jayden Daniels,WAS,Pass Yards,174.5,6492389,2025-09-11T20:15:00-04:00,JAYDEN DANIELS,PASSING YARDS
Jayden Daniels,WAS,Longest Rush,15.5,6492495,2025-09-11T20:15:00-04:00,JAYDEN DANIELS,LONGEST RUSH
Jayden Daniels,WAS,Pass Attempts,32.5,6492496,2025-09-11T20:15:00-04:00,JAYDEN DANIELS,PASS ATTEMPTSEMPTSEMPTS
Jayden Daniels,WAS,Pass Yards,226.5,6492497,2025-09-11T20:15:00-04:00,JAYDEN DANIELS,PASSING YARDS
Jayden Daniels,WAS,Rush Yards,50.5,6492499,2025-09-11T20:15:00-04:00,JAYDEN DANIELS,RUSHING YARDS
Jayden Daniels,WAS,Rush Yards,39.5,6492500,2025-09-11T20:15:00-04:00,JAYDEN DANIELS,RUSHING YARDS
Jayden Daniels,WAS,Rush Yards,99.5,6492501,2025-09-11T20:15:00-04:00,JAYDEN DANIELS,RUSHING YARDS
Jayden Daniels,WAS,Rush Yards,79.5,6492502,2025-09-11T20:15:00-04:00,JAYDEN DANIELS,RUSHING YARDS
Jayden Daniels,WAS,Rush Yards,64.5,6492503,2025-09-11T20:15:00-04:00,JAYDEN DANIELS,RUSHING YARDS
Jayden Daniels,WAS,Pass Completions,20.5,6492631,2025-09-11T20:15:00-04:00,JAYDEN DANIELS,PASS COMPLETIONS
Jayden Daniels,WAS,Pass+Rush Yds,281.5,6495830,2025-09-11T20:15:00-04:00,JAYDEN DANIELS,PASS+RUSHING YARDS
Austin Ekeler,WAS,Rush+Rec TDs,0.5,6488577,2025-09-11T20:15:00-04:00,AUSTIN EKELER,RUSH+RECEPTIONS TDS
Austin Ekeler,WAS,Longest Reception,11.5,6492415,2025-09-11T20:15:00-04:00,AUSTIN EKELER,LONGEST RECEPTIONSEPTION
Austin Ekeler,WAS,Receiving Yards,21.5,6492419,2025-09-11T20:15:00-04:00,AUSTIN EKELER,RECEPTIONSEIVING YARDS
Austin Ekeler,WAS,Receiving Yards,64.5,6492420,2025-09-11T20:15:00-04:00,AUSTIN EKELER,RECEPTIONSEIVING YARDS
Austin Ekeler,WAS,Receiving Yards,49.5,6492421,2025-09-11T20:15:00-04:00,AUSTIN EKELER,RECEPTIONSEIVING YARDS
Austin Ekeler,WAS,Receiving Yards,39.5,6492422,2025-09-11T20:15:00-04:00,AUSTIN EKELER,RECEPTIONSEIVING YARDS
Austin Ekeler,WAS,Receiving Yards,24.5,6492423,2025-09-11T20:15:00-04:00,AUSTIN EKELER,RECEPTIONSEIVING YARDS
Austin Ekeler,WAS,Rush Yards,49.5,6492428,2025-09-11T20:15:00-04:00,AUSTIN EKELER,RUSHING YARDS
Austin Ekeler,WAS,Rush Yards,39.5,6492429,2025-09-11T20:15:00-04:00,AUSTIN EKELER,RUSHING YARDS
Austin Ekeler,WAS,Longest Rush,8.5,6492480,2025-09-11T20:15:00-04:00,AUSTIN EKELER,LONGEST RUSH
Austin Ekeler,WAS,Rush Yards,24.5,6492481,2025-09-11T20:15:00-04:00,AUSTIN EKELER,RUSHING YARDS
Austin Ekeler,WAS,Receptions,5.5,6492580,2025-09-11T20:15:00-04:00,AUSTIN EKELER,RECEPTIONSEPTIONS
Austin Ekeler,WAS,Receptions,3.5,6492581,2025-09-11T20:15:00-04:00,AUSTIN EKELER,RECEPTIONSEPTIONS
Austin Ekeler,WAS,Rush Yards,22.5,6492628,2025-09-11T20:15:00-04:00,AUSTIN EKELER,RUSHING YARDS
Zach Ertz,WAS,Rush+Rec TDs,0.5,6488597,2025-09-11T20:15:00-04:00,ZACH ERTZ,RUSH+RECEPTIONS TDS
Zach Ertz,WAS,Longest Reception,14.5,6492471,2025-09-11T20:15:00-04:00,ZACH ERTZ,LONGEST RECEPTIONSEPTION
Zach Ertz,WAS,Receiving Yards,31.5,6492475,2025-09-11T20:15:00-04:00,ZACH ERTZ,RECEPTIONSEIVING YARDS
Zach Ertz,WAS,Receiving Yards,24.5,6492476,2025-09-11T20:15:00-04:00,ZACH ERTZ,RECEPTIONSEIVING YARDS
Zach Ertz,WAS,Receiving Yards,64.5,6492477,2025-09-11T20:15:00-04:00,ZACH ERTZ,RECEPTIONSEIVING YARDS
Zach Ertz,WAS,Receiving Yards,49.5,6492478,2025-09-11T20:15:00-04:00,ZACH ERTZ,RECEPTIONSEIVING YARDS
Zach Ertz,WAS,Receiving Yards,39.5,6492479,2025-09-11T20:15:00-04:00,ZACH ERTZ,RECEPTIONSEIVING YARDS
Zach Ertz,WAS,Receptions,5.5,6492601,2025-09-11T20:15:00-04:00,ZACH ERTZ,RECEPTIONSEPTIONS
Zach Ertz,WAS,Receptions,3.5,6492602,2025-09-11T20:15:00-04:00,ZACH ERTZ,RECEPTIONSEPTIONS
Luke Musgrave,GB,Rush+Rec TDs,0.5,6488591,2025-09-11T20:15:00-04:00,LUKE MUSGRAVE,RUSH+RECEPTIONS TDS
Dontayvion Wicks,GB,Rush+Rec TDs,0.5,6488582,2025-09-11T20:15:00-04:00,DONTAYVION WICKS,RUSH+RECEPTIONS TDS
Dontayvion Wicks,GB,Receiving Yards,25.5,6492487,2025-09-11T20:15:00-04:00,DONTAYVION WICKS,RECEPTIONSEIVING YARDS
Dontayvion Wicks,GB,Receiving Yards,64.5,6492488,2025-09-11T20:15:00-04:00,DONTAYVION WICKS,RECEPTIONSEIVING YARDS
Dontayvion Wicks,GB,Receiving Yards,49.5,6492489,2025-09-11T20:15:00-04:00,DONTAYVION WICKS,RECEPTIONSEIVING YARDS
Dontayvion Wicks,GB,Receiving Yards,39.5,6492490,2025-09-11T20:15:00-04:00,DONTAYVION WICKS,RECEPTIONSEIVING YARDS
Dontayvion Wicks,GB,Receptions,1.5,6492491,2025-09-11T20:15:00-04:00,DONTAYVION WICKS,RECEPTIONSEPTIONS
Dontayvion Wicks,GB,Receptions,3.5,6492492,2025-09-11T20:15:00-04:00,DONTAYVION WICKS,RECEPTIONSEPTIONS
Dontayvion Wicks,GB,Receptions,2.5,6492493,2025-09-11T20:15:00-04:00,DONTAYVION WICKS,RECEPTIONSEPTIONS
Dontayvion Wicks,GB,Longest Reception,15.5,6492630,2025-09-11T20:15:00-04:00,DONTAYVION WICKS,LONGEST RECEPTIONSEPTION
Terry McLaurin,WAS,Rush+Rec TDs,0.5,6488595,2025-09-11T20:15:00-04:00,TERRY MCLAURIN,RUSH+RECEPTIONS TDS
Terry McLaurin,WAS,Longest Reception,22.5,6492461,2025-09-11T20:15:00-04:00,TERRY MCLAURIN,LONGEST RECEPTIONSEPTION
Terry McLaurin,WAS,Receiving Yards,53.5,6492466,2025-09-11T20:15:00-04:00,TERRY MCLAURIN,RECEPTIONSEIVING YARDS
Terry McLaurin,WAS,Receiving Yards,39.5,6492467,2025-09-11T20:15:00-04:00,TERRY MCLAURIN,RECEPTIONSEIVING YARDS
Terry McLaurin,WAS,Receiving Yards,99.5,6492468,2025-09-11T20:15:00-04:00,TERRY MCLAURIN,RECEPTIONSEIVING YARDS
Terry McLaurin,WAS,Receiving Yards,79.5,6492469,2025-09-11T20:15:00-04:00,TERRY MCLAURIN,RECEPTIONSEIVING YARDS
Terry McLaurin,WAS,Receiving Yards,64.5,6492470,2025-09-11T20:15:00-04:00,TERRY MCLAURIN,RECEPTIONSEIVING YARDS
Terry McLaurin,WAS,Receptions,5.5,6492599,2025-09-11T20:15:00-04:00,TERRY MCLAURIN,RECEPTIONSEPTIONS
Terry McLaurin,WAS,Receptions,3.5,6492600,2025-09-11T20:15:00-04:00,TERRY MCLAURIN,RECEPTIONSEPTIONS
Terry McLaurin,WAS,Receiving Yards,49.5,6497945,2025-09-11T20:15:00-04:00,TERRY MCLAURIN,RECEPTIONSEIVING YARDS
Terry McLaurin,WAS,Receptions,4.5,6497946,2025-09-11T20:15:00-04:00,TERRY MCLAURIN,RECEPTIONSEPTIONS
Tucker Kraft,GB,Rush+Rec TDs,0.5,6488596,2025-09-11T20:15:00-04:00,TUCKER KRAFT,RUSH+RECEPTIONS TDS
Tucker Kraft,GB,Longest Reception,16.5,6492567,2025-09-11T20:15:00-04:00,TUCKER KRAFT,LONGEST RECEPTIONSEPTION
Tucker Kraft,GB,Receiving Yards,34.5,6492572,2025-09-11T20:15:00-04:00,TUCKER KRAFT,RECEPTIONSEIVING YARDS
Tucker Kraft,GB,Receiving Yards,24.5,6492573,2025-09-11T20:15:00-04:00,TUCKER KRAFT,RECEPTIONSEIVING YARDS
Tucker Kraft,GB,Receiving Yards,79.5,6492574,2025-09-11T20:15:00-04:00,TUCKER KRAFT,RECEPTIONSEIVING YARDS
Tucker Kraft,GB,Receiving Yards,64.5,6492575,2025-09-11T20:15:00-04:00,TUCKER KRAFT,RECEPTIONSEIVING YARDS
Tucker Kraft,GB,Receiving Yards,49.5,6492576,2025-09-11T20:15:00-04:00,TUCKER KRAFT,RECEPTIONSEIVING YARDS
Tucker Kraft,GB,Receiving Yards,39.5,6492577,2025-09-11T20:15:00-04:00,TUCKER KRAFT,RECEPTIONSEIVING YARDS
Tucker Kraft,GB,Receptions,5.5,6492578,2025-09-11T20:15:00-04:00,TUCKER KRAFT,RECEPTIONSEPTIONS
Emanuel Wilson,GB,Rush+Rec TDs,0.5,6488583,2025-09-11T20:15:00-04:00,EMANUEL WILSON,RUSH+RECEPTIONS TDS
Noah Brown,WAS,Rush+Rec TDs,0.5,6488593,2025-09-11T20:15:00-04:00,NOAH BROWN,RUSH+RECEPTIONS TDS
Brandon McManus,GB,FG Made,1.5,6492582,2025-09-11T20:15:00-04:00,BRANDON MCMANUS,FG MADE
Chris Brooks,GB,Rush+Rec TDs,0.5,6488578,2025-09-11T20:15:00-04:00,CHRIS BROOKS,RUSH+RECEPTIONS TDS
Chris Rodriguez,WAS,Rush+Rec TDs,0.5,6488580,2025-09-11T20:15:00-04:00,CHRIS RODRIGUEZ,RUSH+RECEPTIONS TDS
Deebo Samuel,WAS,Rush+Rec TDs,0.5,6488581,2025-09-11T20:15:00-04:00,DEEBO SAMUEL,RUSH+RECEPTIONS TDS
Deebo Samuel,WAS,Longest Reception,20.5,6492430,2025-09-11T20:15:00-04:00,DEEBO SAMUEL,LONGEST RECEPTIONSEPTION
Deebo Samuel,WAS,Receiving Yards,48.5,6492435,2025-09-11T20:15:00-04:00,DEEBO SAMUEL,RECEPTIONSEIVING YARDS
Deebo Samuel,WAS,Receiving Yards,39.5,6492436,2025-09-11T20:15:00-04:00,DEEBO SAMUEL,RECEPTIONSEIVING YARDS
Deebo Samuel,WAS,Receiving Yards,99.5,6492437,2025-09-11T20:15:00-04:00,DEEBO SAMUEL,RECEPTIONSEIVING YARDS
Deebo Samuel,WAS,Receiving Yards,79.5,6492438,2025-09-11T20:15:00-04:00,DEEBO SAMUEL,RECEPTIONSEIVING YARDS
Deebo Samuel,WAS,Receiving Yards,64.5,6492439,2025-09-11T20:15:00-04:00,DEEBO SAMUEL,RECEPTIONSEIVING YARDS
Deebo Samuel,WAS,Receptions,7.5,6492585,2025-09-11T20:15:00-04:00,DEEBO SAMUEL,RECEPTIONSEPTIONS
Deebo Samuel,WAS,Receptions,5.5,6492586,2025-09-11T20:15:00-04:00,DEEBO SAMUEL,RECEPTIONSEPTIONS
Deebo Samuel,WAS,Receptions,4.5,6492587,2025-09-11T20:15:00-04:00,DEEBO SAMUEL,RECEPTIONSEPTIONS
Deebo Samuel,WAS,Receptions,3.5,6492588,2025-09-11T20:15:00-04:00,DEEBO SAMUEL,RECEPTIONSEPTIONS
Deebo Samuel,WAS,Receiving Yards,24.5,6492629,2025-09-11T20:15:00-04:00,DEEBO SAMUEL,RECEPTIONSEIVING YARDS
Jaylin Lane,WAS,Rush+Rec TDs,0.5,6488587,2025-09-11T20:15:00-04:00,JAYLIN LANE,RUSH+RECEPTIONS TDS
Matthew Golden,GB,Rush+Rec TDs,0.5,6488592,2025-09-11T20:15:00-04:00,MATTHEW GOLDEN,RUSH+RECEPTIONS TDS
Matthew Golden,GB,Longest Reception,19.5,6492541,2025-09-11T20:15:00-04:00,MATTHEW GOLDEN,LONGEST RECEPTIONSEPTION
Matthew Golden,GB,Receiving Yards,39.5,6492547,2025-09-11T20:15:00-04:00,MATTHEW GOLDEN,RECEPTIONSEIVING YARDS
Matthew Golden,GB,Receiving Yards,24.5,6492548,2025-09-11T20:15:00-04:00,MATTHEW GOLDEN,RECEPTIONSEIVING YARDS
Matthew Golden,GB,Receiving Yards,79.5,6492549,2025-09-11T20:15:00-04:00,MATTHEW GOLDEN,RECEPTIONSEIVING YARDS
Matthew Golden,GB,Receiving Yards,64.5,6492550,2025-09-11T20:15:00-04:00,MATTHEW GOLDEN,RECEPTIONSEIVING YARDS
Matthew Golden,GB,Receiving Yards,49.5,6492551,2025-09-11T20:15:00-04:00,MATTHEW GOLDEN,RECEPTIONSEIVING YARDS
Matthew Golden,GB,Receptions,5.5,6492552,2025-09-11T20:15:00-04:00,MATTHEW GOLDEN,RECEPTIONSEPTIONS
Matthew Golden,GB,Receptions,3.5,6492553,2025-09-11T20:15:00-04:00,MATTHEW GOLDEN,RECEPTIONSEPTIONS
Chris Moore,WAS,Rush+Rec TDs,0.5,6488579,2025-09-11T20:15:00-04:00,CHRIS MOORE,RUSH+RECEPTIONS TDS
Jacory Croskey-Merritt,WAS,Rush+Rec TDs,0.5,6488584,2025-09-11T20:15:00-04:00,JACORY CROSKEY MERRITT,RUSH+RECEPTIONS TDS
Matt Gay,WAS,FG Made,1.5,6492362,2025-09-11T20:15:00-04:00,MATT GAY,FG MADE
Edgerrin Cooper,GB,Sacks,0.5,6492591,2025-09-11T20:15:00-04:00,EDGERRIN COOPER,SACKS
Quay Walker,GB,Sacks,0.5,6492554,2025-09-11T20:15:00-04:00,QUAY WALKER,SACKS
Quay Walker,GB,Tackles+Ast,8.5,6492596,2025-09-11T20:15:00-04:00,QUAY WALKER,TACKLES+AST
Dorance Armstrong,WAS,Sacks,0.5,6492590,2025-09-11T20:15:00-04:00,DORANCE ARMSTRONG,SACKS
Frankie Luvu,WAS,Tackles+Ast,6.5,6492639,2025-09-11T20:15:00-04:00,FRANKIE LUVU,TACKLES+AST
Javon Kinlaw,WAS,Sacks,0.5,6492647,2025-09-11T20:15:00-04:00,JAVON KINLAW,SACKS
Devonte Wyatt,GB,Sacks,0.5,6492589,2025-09-11T20:15:00-04:00,DEVONTE WYATT,SACKS
Karl Brooks,GB,Sacks,0.5,6492592,2025-09-11T20:15:00-04:00,KARL BROOKS,SACKS
Kingsley Enagbare,GB,Sacks,0.5,6492593,2025-09-11T20:15:00-04:00,KINGSLEY ENAGBARE,SACKS
Daron Payne,WAS,Sacks,0.5,6492645,2025-09-11T20:15:00-04:00,DARON PAYNE,SACKS
Micah Parsons,GB,Sacks,0.5,6492595,2025-09-11T20:15:00-04:00,MICAH PARSONS,SACKS
Carrington Valentine,GB,Tackles+Ast,3.5,6492482,2025-09-11T20:15:00-04:00,CARRINGTON VALENTINE,TACKLES+AST
Colby Wooden,GB,Sacks,0.5,6492584,2025-09-11T20:15:00-04:00,COLBY WOODEN,SACKS
Lukas Van Ness,GB,Sacks,0.5,6492594,2025-09-11T20:15:00-04:00,LUKAS VAN NESS,SACKS
Mike Sainristil,WAS,Tackles+Ast,4.5,6492641,2025-09-11T20:15:00-04:00,MIKE SAINRISTIL,TACKLES+AST
Deatrich Wise,WAS,Sacks,0.5,6492646,2025-09-11T20:15:00-04:00,DEATRICH WISE,SACKS
Tress Way,WAS,Punts,3.5,6493092,2025-09-11T20:15:00-04:00,TRESS WAY,PUNTS
Daniel Whelan,GB,Punts,3.5,6493091,2025-09-11T20:15:00-04:00,DANIEL WHELAN,PUNTS
Jaxon Smith-Njigba,SEA,Rush+Rec TDs,0.5,6489804,2025-09-14T13:00:00-04:00,JAXON SMITH NJIGBA,RUSH+RECEPTIONS TDS
DK Metcalf,PIT,Rush+Rec TDs,0.5,6489803,2025-09-14T13:00:00-04:00,DK METCALF,RUSH+RECEPTIONS TDS
Christian McCaffrey,SF,Rush+Rec TDs,1.5,6489471,2025-09-14T13:00:00-04:00,CHRISTIAN MCCAFFREY,RUSH+RECEPTIONS TDS
Christian McCaffrey,SF,Rush+Rec TDs,0.5,6489472,2025-09-14T13:00:00-04:00,CHRISTIAN MCCAFFREY,RUSH+RECEPTIONS TDS
Alvin Kamara,NO,Rush+Rec TDs,1.5,6489469,2025-09-14T13:00:00-04:00,ALVIN KAMARA,RUSH+RECEPTIONS TDS
Alvin Kamara,NO,Rush+Rec TDs,0.5,6489470,2025-09-14T13:00:00-04:00,ALVIN KAMARA,RUSH+RECEPTIONS TDS
Lamar Jackson,BAL,Rush+Rec TDs,1.5,6488928,2025-09-14T13:00:00-04:00,LAMAR JACKSON,RUSH+RECEPTIONS TDS
Lamar Jackson,BAL,Rush+Rec TDs,0.5,6488929,2025-09-14T13:00:00-04:00,LAMAR JACKSON,RUSH+RECEPTIONS TDS
Derrick Henry,BAL,Rush+Rec TDs,1.5,6488925,2025-09-14T13:00:00-04:00,DERRICK HENRY,RUSH+RECEPTIONS TDS
Derrick Henry,BAL,Rush+Rec TDs,0.5,6488926,2025-09-14T13:00:00-04:00,DERRICK HENRY,RUSH+RECEPTIONS TDS
Jerry Jeudy,CLE,Rush+Rec TDs,0.5,6488927,2025-09-14T13:00:00-04:00,JERRY JEUDY,RUSH+RECEPTIONS TDS
David Njoku,CLE,Rush+Rec TDs,0.5,6490136,2025-09-14T13:00:00-04:00,DAVID NJOKU,RUSH+RECEPTIONS TDS
Ja'Marr Chase,CIN,Rush+Rec TDs,1.5,6488952,2025-09-14T13:00:00-04:00,JAMARR CHASE,RUSH+RECEPTIONS TDS
Ja'Marr Chase,CIN,Rush+Rec TDs,0.5,6488953,2025-09-14T13:00:00-04:00,JAMARR CHASE,RUSH+RECEPTIONS TDS
Chase Brown,CIN,Rush+Rec TDs,1.5,6488950,2025-09-14T13:00:00-04:00,CHASE BROWN,RUSH+RECEPTIONS TDS
Chase Brown,CIN,Rush+Rec TDs,0.5,6488951,2025-09-14T13:00:00-04:00,CHASE BROWN,RUSH+RECEPTIONS TDS
Brian Thomas,JAC,Rush+Rec TDs,0.5,6488949,2025-09-14T13:00:00-04:00,BRIAN THOMAS,RUSH+RECEPTIONS TDS
Travis Hunter,JAC,Rush+Rec TDs,0.5,6488954,2025-09-14T13:00:00-04:00,TRAVIS HUNTER,RUSH+RECEPTIONS TDS
Malik Nabers,NYG,Rush+Rec TDs,0.5,6488961,2025-09-14T13:00:00-04:00,MALIK NABERS,RUSH+RECEPTIONS TDS
CeeDee Lamb,DAL,Rush+Rec TDs,1.5,6488959,2025-09-14T13:00:00-04:00,CEEDEE LAMB,RUSH+RECEPTIONS TDS
George Pickens,DAL,Rush+Rec TDs,0.5,6488960,2025-09-14T13:00:00-04:00,GEORGE PICKENS,RUSH+RECEPTIONS TDS
Jahmyr Gibbs,DET,Rush+Rec TDs,0.5,6489289,2025-09-14T13:00:00-04:00,JAHMYR GIBBS,RUSH+RECEPTIONS TDS
Jahmyr Gibbs,DET,Rush+Rec TDs,1.5,6489290,2025-09-14T13:00:00-04:00,JAHMYR GIBBS,RUSH+RECEPTIONS TDS
Amon-Ra St. Brown,DET,Rush+Rec TDs,1.5,6489288,2025-09-14T13:00:00-04:00,AMON RA ST BROWN,RUSH+RECEPTIONS TDS
Calvin Ridley,TEN,Rush+Rec TDs,0.5,6489809,2025-09-14T13:00:00-04:00,CALVIN RIDLEY,RUSH+RECEPTIONS TDS
Tony Pollard,TEN,Rush+Rec TDs,0.5,6489813,2025-09-14T13:00:00-04:00,TONY POLLARD,RUSH+RECEPTIONS TDS
Kyren Williams,LA,Rush+Rec TDs,0.5,6489811,2025-09-14T13:00:00-04:00,KYREN WILLIAMS,RUSH+RECEPTIONS TDS
Kyren Williams,LA,Rush+Rec TDs,1.5,6489812,2025-09-14T13:00:00-04:00,KYREN WILLIAMS,RUSH+RECEPTIONS TDS
Davante Adams,LA,Rush+Rec TDs,0.5,6489810,2025-09-14T13:00:00-04:00,DAVANTE ADAMS,RUSH+RECEPTIONS TDS
Tyreek Hill,MIA,Rush+Rec TDs,1.5,6489463,2025-09-14T13:00:00-04:00,TYREEK HILL,RUSH+RECEPTIONS TDS
Tyreek Hill,MIA,Rush+Rec TDs,0.5,6492579,2025-09-14T13:00:00-04:00,TYREEK HILL,RUSH+RECEPTIONS TDS
De'Von Achane,MIA,Rush+Rec TDs,1.5,6489460,2025-09-14T13:00:00-04:00,DEVON ACHANE,RUSH+RECEPTIONS TDS
Stefon Diggs,NE,Rush+Rec TDs,0.5,6489461,2025-09-14T13:00:00-04:00,STEFON DIGGS,RUSH+RECEPTIONS TDS
TreVeyon Henderson,NE,Rush+Rec TDs,0.5,6489462,2025-09-14T13:00:00-04:00,TREVEYON HENDERSON,RUSH+RECEPTIONS TDS
Josh Allen,BUF,Rush+Rec TDs,1.5,6489467,2025-09-14T13:00:00-04:00,JOSH ALLEN,RUSH+RECEPTIONS TDS
Garrett Wilson,NYJ,Rush+Rec TDs,0.5,6489464,2025-09-14T13:00:00-04:00,GARRETT WILSON,RUSH+RECEPTIONS TDS
James Cook,BUF,Rush+Rec TDs,1.5,6489465,2025-09-14T13:00:00-04:00,JAMES COOK,RUSH+RECEPTIONS TDS
Justin Fields,NYJ,Rush+Rec TDs,0.5,6489468,2025-09-14T13:00:00-04:00,JUSTIN FIELDS,RUSH+RECEPTIONS TDS
Justin Fields,NYJ,Rush+Rec TDs,1.5,6492008,2025-09-14T13:00:00-04:00,JUSTIN FIELDS,RUSH+RECEPTIONS TDS
Jaxon Smith-Njigba,SEA,Receiving Yards,69.5,6496098,2025-09-14T13:00:00-04:00,JAXON SMITH NJIGBA,RECEPTIONSEIVING YARDS
Michael Dickson,SEA,Punts,4.0,6493101,2025-09-14T13:00:00-04:00,MICHAEL DICKSON,PUNTS
Corliss Waitman,PIT,Punts,3.5,6493102,2025-09-14T13:00:00-04:00,CORLISS WAITMAN,PUNTS
DK Metcalf,PIT,Receiving Yards,55.5,6496100,2025-09-14T13:00:00-04:00,DK METCALF,RECEPTIONSEIVING YARDS
Cooper Kupp,SEA,Receiving Yards,37.5,6496099,2025-09-14T13:00:00-04:00,COOPER KUPP,RECEPTIONSEIVING YARDS
Sam Darnold,SEA,Pass Yards,199.5,6495960,2025-09-14T13:00:00-04:00,SAM DARNOLD,PASSING YARDS
Aaron Rodgers,PIT,Pass Yards,212.5,6495961,2025-09-14T13:00:00-04:00,AARON RODGERS,PASSING YARDS
Brock Purdy,SF,Pass Yards,231.5,6495954,2025-09-14T13:00:00-04:00,BROCK PURDY,PASSING YARDS
Christian McCaffrey,SF,Rush Yards,77.5,6495983,2025-09-14T13:00:00-04:00,CHRISTIAN MCCAFFREY,RUSHING YARDS
Christian McCaffrey,SF,Receiving Yards,36.5,6496092,2025-09-14T13:00:00-04:00,CHRISTIAN MCCAFFREY,RECEPTIONSEIVING YARDS
Alvin Kamara,NO,Rush Yards,56.5,6495984,2025-09-14T13:00:00-04:00,ALVIN KAMARA,RUSHING YARDS
Chris Olave,NO,Receiving Yards,55.5,6496093,2025-09-14T13:00:00-04:00,CHRIS OLAVE,RECEPTIONSEIVING YARDS
Spencer Rattler,NO,Pass Yards,196.5,6495955,2025-09-14T13:00:00-04:00,SPENCER RATTLER,PASSING YARDS
Kai Kroeger,NO,Punts,4.5,6493095,2025-09-14T13:00:00-04:00,KAI KROEGER,PUNTS
Thomas Morstead,SF,Punts,3.0,6493096,2025-09-14T13:00:00-04:00,THOMAS MORSTEAD,PUNTS
Lamar Jackson,BAL,Pass Yards,221.5,6495968,2025-09-14T13:00:00-04:00,LAMAR JACKSON,PASSING YARDS
Lamar Jackson,BAL,Rush Yards,47.5,6495992,2025-09-14T13:00:00-04:00,LAMAR JACKSON,RUSHING YARDS
Derrick Henry,BAL,Rush Yards,94.5,6495993,2025-09-14T13:00:00-04:00,DERRICK HENRY,RUSHING YARDS
Zay Flowers,BAL,Receiving Yards,59.5,6496110,2025-09-14T13:00:00-04:00,ZAY FLOWERS,RECEPTIONSEIVING YARDS
Jerry Jeudy,CLE,Receiving Yards,65.5,6496109,2025-09-14T13:00:00-04:00,JERRY JEUDY,RECEPTIONSEIVING YARDS
Jordan Stout,BAL,Punts,3.0,6493110,2025-09-14T13:00:00-04:00,JORDAN STOUT,PUNTS
Joe Flacco,CLE,Pass Yards,251.5,6495967,2025-09-14T13:00:00-04:00,JOE FLACCO,PASSING YARDS
Corey Bojorquez,CLE,Punts,4.5,6493109,2025-09-14T13:00:00-04:00,COREY BOJORQUEZ,PUNTS
Ja'Marr Chase,CIN,Receiving Yards,84.5,6496103,2025-09-14T13:00:00-04:00,JAMARR CHASE,RECEPTIONSEIVING YARDS
Tee Higgins,CIN,Receiving Yards,65.5,6496104,2025-09-14T13:00:00-04:00,TEE HIGGINS,RECEPTIONSEIVING YARDS
Trevor Lawrence,JAC,Pass Yards,250.5,6495962,2025-09-14T13:00:00-04:00,TREVOR LAWRENCE,PASSING YARDS
Joe Burrow,CIN,Pass Yards,275.5,6495963,2025-09-14T13:00:00-04:00,JOE BURROW,PASSING YARDS
Chase Brown,CIN,Rush Yards,67.5,6495988,2025-09-14T13:00:00-04:00,CHASE BROWN,RUSHING YARDS
Brian Thomas,JAC,Receiving Yards,75.5,6496101,2025-09-14T13:00:00-04:00,BRIAN THOMAS,RECEPTIONSEIVING YARDS
Logan Cooke,JAC,Punts,3.5,6493103,2025-09-14T13:00:00-04:00,LOGAN COOKE,PUNTS
Ryan Rehkow,CIN,Punts,3.5,6493104,2025-09-14T13:00:00-04:00,RYAN REHKOW,PUNTS
Travis Hunter,JAC,Receiving Yards,51.5,6496102,2025-09-14T13:00:00-04:00,TRAVIS HUNTER,RECEPTIONSEIVING YARDS
Jake Ferguson,DAL,Receiving Yards,38.5,6496106,2025-09-14T13:00:00-04:00,JAKE FERGUSON,RECEPTIONSEIVING YARDS
Dak Prescott,DAL,Pass Yards,245.5,6495964,2025-09-14T13:00:00-04:00,DAK PRESCOTT,PASSING YARDS
CeeDee Lamb,DAL,Receiving Yards,79.5,6496105,2025-09-14T13:00:00-04:00,CEEDEE LAMB,RECEPTIONSEIVING YARDS
Bryan Anger,DAL,Punts,3.0,6493106,2025-09-14T13:00:00-04:00,BRYAN ANGER,PUNTS
Jamie Gillan,NYG,Punts,4.5,6493105,2025-09-14T13:00:00-04:00,JAMIE GILLAN,PUNTS
Jared Goff,DET,Pass Yards,242.5,6495953,2025-09-14T13:00:00-04:00,JARED GOFF,PASSING YARDS
Jahmyr Gibbs,DET,Rush Yards,64.5,6495981,2025-09-14T13:00:00-04:00,JAHMYR GIBBS,RUSHING YARDS
Jahmyr Gibbs,DET,Receiving Yards,29.5,6496091,2025-09-14T13:00:00-04:00,JAHMYR GIBBS,RECEPTIONSEIVING YARDS
Amon-Ra St. Brown,DET,Receiving Yards,65.5,6496089,2025-09-14T13:00:00-04:00,AMON RA ST BROWN,RECEPTIONSEIVING YARDS
Sam LaPorta,DET,Receiving Yards,46.5,6496090,2025-09-14T13:00:00-04:00,SAM LAPORTA,RECEPTIONSEIVING YARDS
David Montgomery,DET,Rush Yards,44.5,6495982,2025-09-14T13:00:00-04:00,DAVID MONTGOMERY,RUSHING YARDS
Jack Fox,DET,Punts,3.0,6493093,2025-09-14T13:00:00-04:00,JACK FOX,PUNTS
Calvin Ridley,TEN,Receiving Yards,62.5,6496097,2025-09-14T13:00:00-04:00,CALVIN RIDLEY,RECEPTIONSEIVING YARDS
Tony Pollard,TEN,Rush Yards,65.5,6495987,2025-09-14T13:00:00-04:00,TONY POLLARD,RUSHING YARDS
Cameron Ward,TEN,Pass Yards,194.5,6495959,2025-09-14T13:00:00-04:00,CAMERON WARD,PASSING YARDS
Kyren Williams,LA,Rush Yards,74.5,6495986,2025-09-14T13:00:00-04:00,KYREN WILLIAMS,RUSHING YARDS
Davante Adams,LA,Receiving Yards,57.5,6496096,2025-09-14T13:00:00-04:00,DAVANTE ADAMS,RECEPTIONSEIVING YARDS
Puka Nacua,LA,Receiving Yards,77.5,6496095,2025-09-14T13:00:00-04:00,PUKA NACUA,RECEPTIONSEIVING YARDS
Matthew Stafford,LA,Pass Yards,243.5,6495958,2025-09-14T13:00:00-04:00,MATTHEW STAFFORD,PASSING YARDS
Johnny Hekker,TEN,Punts,4.0,6493099,2025-09-14T13:00:00-04:00,JOHNNY HEKKER,PUNTS
Ethan Evans,LA,Punts,3.5,6493100,2025-09-14T13:00:00-04:00,ETHAN EVANS,PUNTS
Tyreek Hill,MIA,Receiving Yards,61.5,6496094,2025-09-14T13:00:00-04:00,TYREEK HILL,RECEPTIONSEIVING YARDS
Tua Tagovailoa,MIA,Pass Yards,238.5,6495957,2025-09-14T13:00:00-04:00,TUA TAGOVAILOA,PASSING YARDS
De'Von Achane,MIA,Rush Yards,59.5,6495985,2025-09-14T13:00:00-04:00,DEVON ACHANE,RUSHING YARDS
Bryce Baringer,NE,Punts,3.5,6493098,2025-09-14T13:00:00-04:00,BRYCE BARINGER,PUNTS
Jake Bailey,MIA,Punts,3.5,6493097,2025-09-14T13:00:00-04:00,JAKE BAILEY,PUNTS
Drake Maye,NE,Pass Yards,216.5,6495956,2025-09-14T13:00:00-04:00,DRAKE MAYE,PASSING YARDS
Josh Allen,BUF,Pass Yards,235.5,6495965,2025-09-14T13:00:00-04:00,JOSH ALLEN,PASSING YARDS
Josh Allen,BUF,Rush Yards,32.5,6495989,2025-09-14T13:00:00-04:00,JOSH ALLEN,RUSHING YARDS
Garrett Wilson,NYJ,Receiving Yards,58.5,6496108,2025-09-14T13:00:00-04:00,GARRETT WILSON,RECEPTIONSEIVING YARDS
James Cook,BUF,Rush Yards,63.5,6495990,2025-09-14T13:00:00-04:00,JAMES COOK,RUSHING YARDS
Dalton Kincaid,BUF,Receiving Yards,32.5,6496107,2025-09-14T13:00:00-04:00,DALTON KINCAID,RECEPTIONSEIVING YARDS
Justin Fields,NYJ,Pass Yards,183.5,6495966,2025-09-14T13:00:00-04:00,JUSTIN FIELDS,PASSING YARDS
Justin Fields,NYJ,Rush Yards,46.5,6495991,2025-09-14T13:00:00-04:00,JUSTIN FIELDS,RUSHING YARDS
Austin McNamara,NYJ,Punts,4.0,6493108,2025-09-14T13:00:00-04:00,AUSTIN MCNAMARA,PUNTS
Brad Robbins,BUF,Punts,3.0,6493107,2025-09-14T13:00:00-04:00,BRAD ROBBINS,PUNTS
James Conner,ARI,Rush+Rec TDs,1.5,6490139,2025-09-14T16:05:00-04:00,JAMES CONNER,RUSH+RECEPTIONS TDS
James Conner,ARI,Rush+Rec TDs,0.5,6491898,2025-09-14T16:05:00-04:00,JAMES CONNER,RUSH+RECEPTIONS TDS
Chuba Hubbard,CAR,Rush+Rec TDs,1.5,6490137,2025-09-14T16:05:00-04:00,CHUBA HUBBARD,RUSH+RECEPTIONS TDS
Marvin Harrison,ARI,Rush+Rec TDs,0.5,6490140,2025-09-14T16:05:00-04:00,MARVIN HARRISON,RUSH+RECEPTIONS TDS
Tetairoa McMillan,CAR,Rush+Rec TDs,0.5,6490141,2025-09-14T16:05:00-04:00,TETAIROA MCMILLAN,RUSH+RECEPTIONS TDS
Jonathan Taylor,IND,Rush+Rec TDs,1.5,6490149,2025-09-14T16:05:00-04:00,JONATHAN TAYLOR,RUSH+RECEPTIONS TDS
Courtland Sutton,DEN,Rush+Rec TDs,0.5,6490148,2025-09-14T16:05:00-04:00,COURTLAND SUTTON,RUSH+RECEPTIONS TDS
Tyler Warren,IND,Rush+Rec TDs,0.5,6490151,2025-09-14T16:05:00-04:00,TYLER WARREN,RUSH+RECEPTIONS TDS
RJ Harvey,DEN,Rush+Rec TDs,0.5,6490150,2025-09-14T16:05:00-04:00,RJ HARVEY,RUSH+RECEPTIONS TDS
Kyler Murray,ARI,Pass Yards,222.5,6495972,2025-09-14T16:05:00-04:00,KYLER MURRAY,PASSING YARDS
Kyler Murray,ARI,Rush Yards,29.5,6495999,2025-09-14T16:05:00-04:00,KYLER MURRAY,RUSHING YARDS
James Conner,ARI,Rush Yards,69.5,6495998,2025-09-14T16:05:00-04:00,JAMES CONNER,RUSHING YARDS
Chuba Hubbard,CAR,Rush Yards,60.5,6495997,2025-09-14T16:05:00-04:00,CHUBA HUBBARD,RUSHING YARDS
Bryce Young,CAR,Pass Yards,212.5,6495971,2025-09-14T16:05:00-04:00,BRYCE YOUNG,PASSING YARDS
Trey McBride,ARI,Receiving Yards,63.5,6496116,2025-09-14T16:05:00-04:00,TREY MCBRIDE,RECEPTIONSEIVING YARDS
Marvin Harrison,ARI,Receiving Yards,60.5,6496115,2025-09-14T16:05:00-04:00,MARVIN HARRISON,RECEPTIONSEIVING YARDS
Tetairoa McMillan,CAR,Receiving Yards,67.5,6496114,2025-09-14T16:05:00-04:00,TETAIROA MCMILLAN,RECEPTIONSEIVING YARDS
Blake Gillikin,ARI,Punts,3.5,6493114,2025-09-14T16:05:00-04:00,BLAKE GILLIKIN,PUNTS
Sam Martin,CAR,Punts,3.5,6493113,2025-09-14T16:05:00-04:00,SAM MARTIN,PUNTS
Jonathan Taylor,IND,Rush Yards,79.5,6495996,2025-09-14T16:05:00-04:00,JONATHAN TAYLOR,RUSHING YARDS
Bo Nix,DEN,Pass Yards,211.5,6495969,2025-09-14T16:05:00-04:00,BO NIX,PASSING YARDS
Bo Nix,DEN,Rush Yards,18.5,6495994,2025-09-14T16:05:00-04:00,BO NIX,RUSHING YARDS
Courtland Sutton,DEN,Receiving Yards,59.5,6496111,2025-09-14T16:05:00-04:00,COURTLAND SUTTON,RECEPTIONSEIVING YARDS
Michael Pittman,IND,Receiving Yards,49.5,6496112,2025-09-14T16:05:00-04:00,MICHAEL PITTMAN,RECEPTIONSEIVING YARDS
Rigoberto Sanchez,IND,Punts,3.5,6493112,2025-09-14T16:05:00-04:00,RIGOBERTO SANCHEZ,PUNTS
Daniel Jones,IND,Pass Yards,213.5,6495970,2025-09-14T16:05:00-04:00,DANIEL JONES,PASSING YARDS
J.K. Dobbins,DEN,Rush Yards,47.5,6495995,2025-09-14T16:05:00-04:00,JK DOBBINS,RUSHING YARDS
Tyler Warren,IND,Receiving Yards,44.5,6496113,2025-09-14T16:05:00-04:00,TYLER WARREN,RECEPTIONSEIVING YARDS
Jeremy Crawshaw,DEN,Punts,3.5,6493111,2025-09-14T16:05:00-04:00,JEREMY CRAWSHAW,PUNTS
Patrick Mahomes,KC,Rush+Rec TDs,0.5,6490156,2025-09-14T16:25:00-04:00,PATRICK MAHOMES,RUSH+RECEPTIONS TDS
Patrick Mahomes,KC,INT,0.5,6497982,2025-09-14T16:25:00-04:00,PATRICK MAHOMES,INT
Patrick Mahomes,KC,Longest Completion,34.5,6497983,2025-09-14T16:25:00-04:00,PATRICK MAHOMES,LONGEST COMPLETION
Patrick Mahomes,KC,Longest Rush,9.5,6497984,2025-09-14T16:25:00-04:00,PATRICK MAHOMES,LONGEST RUSH
Patrick Mahomes,KC,Pass Completions,22.5,6497985,2025-09-14T16:25:00-04:00,PATRICK MAHOMES,PASS COMPLETIONS
Patrick Mahomes,KC,Pass TDs,2.5,6497986,2025-09-14T16:25:00-04:00,PATRICK MAHOMES,PASS TDS
Patrick Mahomes,KC,Pass Yards,299.5,6497995,2025-09-14T16:25:00-04:00,PATRICK MAHOMES,PASSING YARDS
Patrick Mahomes,KC,Pass Yards,274.5,6497996,2025-09-14T16:25:00-04:00,PATRICK MAHOMES,PASSING YARDS
Patrick Mahomes,KC,Pass Yards,249.5,6497997,2025-09-14T16:25:00-04:00,PATRICK MAHOMES,PASSING YARDS
Patrick Mahomes,KC,Pass Yards,199.5,6497998,2025-09-14T16:25:00-04:00,PATRICK MAHOMES,PASSING YARDS
Patrick Mahomes,KC,Rush Attempts,5.5,6497999,2025-09-14T16:25:00-04:00,PATRICK MAHOMES,RUSH ATTEMPTSEMPTS
Patrick Mahomes,KC,Rush Yards,39.5,6498003,2025-09-14T16:25:00-04:00,PATRICK MAHOMES,RUSHING YARDS
Patrick Mahomes,KC,Rush Yards,24.5,6498004,2025-09-14T16:25:00-04:00,PATRICK MAHOMES,RUSHING YARDS
Patrick Mahomes,KC,Pass Attempts,35.5,6498051,2025-09-14T16:25:00-04:00,PATRICK MAHOMES,PASS ATTEMPTSEMPTSEMPTS
Patrick Mahomes,KC,Pass Yards,224.5,6498052,2025-09-14T16:25:00-04:00,PATRICK MAHOMES,PASSING YARDS
Patrick Mahomes,KC,Pass Yards,233.5,6498076,2025-09-14T16:25:00-04:00,PATRICK MAHOMES,PASSING YARDS
Patrick Mahomes,KC,Pass Yards,324.5,6498077,2025-09-14T16:25:00-04:00,PATRICK MAHOMES,PASSING YARDS
Isiah Pacheco,KC,Rush+Rec TDs,0.5,6490153,2025-09-14T16:25:00-04:00,ISIAH PACHECO,RUSH+RECEPTIONS TDS
Isiah Pacheco,KC,Longest Reception,8.5,6497949,2025-09-14T16:25:00-04:00,ISIAH PACHECO,LONGEST RECEPTIONSEPTION
Isiah Pacheco,KC,Longest Rush,10.5,6497950,2025-09-14T16:25:00-04:00,ISIAH PACHECO,LONGEST RUSH
Isiah Pacheco,KC,Receiving Yards,49.5,6497953,2025-09-14T16:25:00-04:00,ISIAH PACHECO,RECEPTIONSEIVING YARDS
Isiah Pacheco,KC,Receiving Yards,39.5,6497954,2025-09-14T16:25:00-04:00,ISIAH PACHECO,RECEPTIONSEIVING YARDS
Isiah Pacheco,KC,Receiving Yards,24.5,6497955,2025-09-14T16:25:00-04:00,ISIAH PACHECO,RECEPTIONSEIVING YARDS
Isiah Pacheco,KC,Receptions,3.5,6497956,2025-09-14T16:25:00-04:00,ISIAH PACHECO,RECEPTIONSEPTIONS
Isiah Pacheco,KC,Receptions,1.5,6497957,2025-09-14T16:25:00-04:00,ISIAH PACHECO,RECEPTIONSEPTIONS
Isiah Pacheco,KC,Rush Yards,64.5,6497963,2025-09-14T16:25:00-04:00,ISIAH PACHECO,RUSHING YARDS
Isiah Pacheco,KC,Rush Yards,49.5,6497964,2025-09-14T16:25:00-04:00,ISIAH PACHECO,RUSHING YARDS
Isiah Pacheco,KC,Rush Yards,39.5,6497965,2025-09-14T16:25:00-04:00,ISIAH PACHECO,RUSHING YARDS
Isiah Pacheco,KC,Rush Yards,24.5,6497966,2025-09-14T16:25:00-04:00,ISIAH PACHECO,RUSHING YARDS
Isiah Pacheco,KC,Receptions,2.5,6498039,2025-09-14T16:25:00-04:00,ISIAH PACHECO,RECEPTIONSEPTIONS
Isiah Pacheco,KC,Receiving Yards,10.5,6498074,2025-09-14T16:25:00-04:00,ISIAH PACHECO,RECEPTIONSEIVING YARDS
Isiah Pacheco,KC,Rush Yards,34.5,6498075,2025-09-14T16:25:00-04:00,ISIAH PACHECO,RUSHING YARDS
Jalen Hurts,PHI,Rush+Rec TDs,1.5,6490154,2025-09-14T16:25:00-04:00,JALEN HURTS,RUSH+RECEPTIONS TDS
Saquon Barkley,PHI,Rush+Rec TDs,1.5,6490157,2025-09-14T16:25:00-04:00,SAQUON BARKLEY,RUSH+RECEPTIONS TDS
Saquon Barkley,PHI,Rush+Rec TDs,0.5,6490536,2025-09-14T16:25:00-04:00,SAQUON BARKLEY,RUSH+RECEPTIONS TDS
A.J. Brown,PHI,Rush+Rec TDs,0.5,6490152,2025-09-14T16:25:00-04:00,AJ BROWN,RUSH+RECEPTIONS TDS
Harrison Butker,KC,FG Made,1.5,6498118,2025-09-14T16:25:00-04:00,HARRISON BUTKER,FG MADE
Noah Gray,KC,Receiving Yards,13.5,6498046,2025-09-14T16:25:00-04:00,NOAH GRAY,RECEPTIONSEIVING YARDS
Noah Gray,KC,Receiving Yards,49.5,6498047,2025-09-14T16:25:00-04:00,NOAH GRAY,RECEPTIONSEIVING YARDS
Noah Gray,KC,Receiving Yards,39.5,6498048,2025-09-14T16:25:00-04:00,NOAH GRAY,RECEPTIONSEIVING YARDS
Noah Gray,KC,Receiving Yards,24.5,6498049,2025-09-14T16:25:00-04:00,NOAH GRAY,RECEPTIONSEIVING YARDS
Noah Gray,KC,Rush+Rec TDs,0.5,6498050,2025-09-14T16:25:00-04:00,NOAH GRAY,RUSH+RECEPTIONS TDS
Travis Kelce,KC,Rush+Rec TDs,0.5,6490158,2025-09-14T16:25:00-04:00,TRAVIS KELCE,RUSH+RECEPTIONS TDS
Travis Kelce,KC,Longest Reception,18.5,6498006,2025-09-14T16:25:00-04:00,TRAVIS KELCE,LONGEST RECEPTIONSEPTION
Travis Kelce,KC,Receiving Yards,99.5,6498012,2025-09-14T16:25:00-04:00,TRAVIS KELCE,RECEPTIONSEIVING YARDS
Travis Kelce,KC,Receiving Yards,79.5,6498013,2025-09-14T16:25:00-04:00,TRAVIS KELCE,RECEPTIONSEIVING YARDS
Travis Kelce,KC,Receiving Yards,64.5,6498014,2025-09-14T16:25:00-04:00,TRAVIS KELCE,RECEPTIONSEIVING YARDS
Travis Kelce,KC,Receiving Yards,39.5,6498015,2025-09-14T16:25:00-04:00,TRAVIS KELCE,RECEPTIONSEIVING YARDS
Travis Kelce,KC,Receptions,7.5,6498016,2025-09-14T16:25:00-04:00,TRAVIS KELCE,RECEPTIONSEPTIONS
Travis Kelce,KC,Receiving Yards,49.5,6498054,2025-09-14T16:25:00-04:00,TRAVIS KELCE,RECEPTIONSEIVING YARDS
JuJu Smith-Schuster,KC,Longest Reception,15.5,6497756,2025-09-14T16:25:00-04:00,JUJU SMITH SCHUSTER,LONGEST RECEPTIONSEPTION
JuJu Smith-Schuster,KC,Receiving Yards,29.5,6497757,2025-09-14T16:25:00-04:00,JUJU SMITH SCHUSTER,RECEPTIONSEIVING YARDS
JuJu Smith-Schuster,KC,Receptions,2.5,6497758,2025-09-14T16:25:00-04:00,JUJU SMITH SCHUSTER,RECEPTIONSEPTIONS
JuJu Smith-Schuster,KC,Rush+Rec TDs,0.5,6497759,2025-09-14T16:25:00-04:00,JUJU SMITH SCHUSTER,RUSH+RECEPTIONS TDS
JuJu Smith-Schuster,KC,Receiving Yards,64.5,6497782,2025-09-14T16:25:00-04:00,JUJU SMITH SCHUSTER,RECEPTIONSEIVING YARDS
JuJu Smith-Schuster,KC,Receiving Yards,49.5,6497783,2025-09-14T16:25:00-04:00,JUJU SMITH SCHUSTER,RECEPTIONSEIVING YARDS
JuJu Smith-Schuster,KC,Receiving Yards,39.5,6497784,2025-09-14T16:25:00-04:00,JUJU SMITH SCHUSTER,RECEPTIONSEIVING YARDS
JuJu Smith-Schuster,KC,Receiving Yards,24.5,6497785,2025-09-14T16:25:00-04:00,JUJU SMITH SCHUSTER,RECEPTIONSEIVING YARDS
JuJu Smith-Schuster,KC,Receptions,3.5,6497786,2025-09-14T16:25:00-04:00,JUJU SMITH SCHUSTER,RECEPTIONSEPTIONS
JuJu Smith-Schuster,KC,Receptions,1.5,6497830,2025-09-14T16:25:00-04:00,JUJU SMITH SCHUSTER,RECEPTIONSEPTIONS
JuJu Smith-Schuster,KC,Receptions,5.5,6498041,2025-09-14T16:25:00-04:00,JUJU SMITH SCHUSTER,RECEPTIONSEPTIONS
Kareem Hunt,KC,Longest Reception,5.5,6497967,2025-09-14T16:25:00-04:00,KAREEM HUNT,LONGEST RECEPTIONSEPTION
Kareem Hunt,KC,Longest Rush,8.5,6497968,2025-09-14T16:25:00-04:00,KAREEM HUNT,LONGEST RUSH
Kareem Hunt,KC,Receiving Yards,39.5,6497970,2025-09-14T16:25:00-04:00,KAREEM HUNT,RECEPTIONSEIVING YARDS
Kareem Hunt,KC,Receiving Yards,24.5,6497971,2025-09-14T16:25:00-04:00,KAREEM HUNT,RECEPTIONSEIVING YARDS
Kareem Hunt,KC,Receiving Yards,6.5,6497972,2025-09-14T16:25:00-04:00,KAREEM HUNT,RECEPTIONSEIVING YARDS
Kareem Hunt,KC,Receptions,1.5,6497973,2025-09-14T16:25:00-04:00,KAREEM HUNT,RECEPTIONSEPTIONS
Kareem Hunt,KC,Rush Yards,49.5,6497977,2025-09-14T16:25:00-04:00,KAREEM HUNT,RUSHING YARDS
Kareem Hunt,KC,Rush Yards,39.5,6497978,2025-09-14T16:25:00-04:00,KAREEM HUNT,RUSHING YARDS
Kareem Hunt,KC,Rush Yards,22.5,6497979,2025-09-14T16:25:00-04:00,KAREEM HUNT,RUSHING YARDS
Kareem Hunt,KC,Rush+Rec TDs,0.5,6497980,2025-09-14T16:25:00-04:00,KAREEM HUNT,RUSH+RECEPTIONS TDS
Hollywood Brown,KC,Longest Reception,21.5,6497740,2025-09-14T16:25:00-04:00,HOLLYWOOD BROWN,LONGEST RECEPTIONSEPTION
Hollywood Brown,KC,Receiving Yards,99.5,6497746,2025-09-14T16:25:00-04:00,HOLLYWOOD BROWN,RECEPTIONSEIVING YARDS
Hollywood Brown,KC,Receiving Yards,79.5,6497747,2025-09-14T16:25:00-04:00,HOLLYWOOD BROWN,RECEPTIONSEIVING YARDS
Hollywood Brown,KC,Receiving Yards,64.5,6497748,2025-09-14T16:25:00-04:00,HOLLYWOOD BROWN,RECEPTIONSEIVING YARDS
Hollywood Brown,KC,Receiving Yards,56.5,6497749,2025-09-14T16:25:00-04:00,HOLLYWOOD BROWN,RECEPTIONSEIVING YARDS
Hollywood Brown,KC,Receiving Yards,39.5,6497750,2025-09-14T16:25:00-04:00,HOLLYWOOD BROWN,RECEPTIONSEIVING YARDS
Hollywood Brown,KC,Receiving Yards,49.5,6497751,2025-09-14T16:25:00-04:00,HOLLYWOOD BROWN,RECEPTIONSEIVING YARDS
Hollywood Brown,KC,Receptions,7.5,6497752,2025-09-14T16:25:00-04:00,HOLLYWOOD BROWN,RECEPTIONSEPTIONS
Hollywood Brown,KC,Receptions,5.5,6497753,2025-09-14T16:25:00-04:00,HOLLYWOOD BROWN,RECEPTIONSEPTIONS
Hollywood Brown,KC,Rush+Rec TDs,0.5,6497754,2025-09-14T16:25:00-04:00,HOLLYWOOD BROWN,RUSH+RECEPTIONS TDS
Tyquan Thornton,KC,Rush+Rec TDs,0.5,6497761,2025-09-14T16:25:00-04:00,TYQUAN THORNTON,RUSH+RECEPTIONS TDS
Patrick Mahomes,KC,Pass Yards,246.5,6495974,2025-09-14T16:25:00-04:00,PATRICK MAHOMES,PASSING YARDS
Patrick Mahomes,KC,Rush Yards,19.5,6496002,2025-09-14T16:25:00-04:00,PATRICK MAHOMES,RUSHING YARDS
Jalen Hurts,PHI,Pass Yards,213.5,6495973,2025-09-14T16:25:00-04:00,JALEN HURTS,PASSING YARDS
Jalen Hurts,PHI,Rush Yards,42.5,6496000,2025-09-14T16:25:00-04:00,JALEN HURTS,RUSHING YARDS
Saquon Barkley,PHI,Rush Yards,94.5,6496001,2025-09-14T16:25:00-04:00,SAQUON BARKLEY,RUSHING YARDS
Saquon Barkley,PHI,Receiving Yards,15.5,6496118,2025-09-14T16:25:00-04:00,SAQUON BARKLEY,RECEPTIONSEIVING YARDS
A.J. Brown,PHI,Receiving Yards,71.5,6496117,2025-09-14T16:25:00-04:00,AJ BROWN,RECEPTIONSEIVING YARDS
DeVonta Smith,PHI,Receiving Yards,61.5,6496119,2025-09-14T16:25:00-04:00,DEVONTA SMITH,RECEPTIONSEIVING YARDS
Travis Kelce,KC,Receiving Yards,51.5,6462857,2025-09-14T16:25:00-04:00,TRAVIS KELCE,RECEPTIONSEIVING YARDS
Matt Araiza,KC,Punts,3.5,6493116,2025-09-14T16:25:00-04:00,MATT ARAIZA,PUNTS
Braden Mann,PHI,Punts,3.5,6493115,2025-09-14T16:25:00-04:00,BRADEN MANN,PUNTS
Bijan Robinson,ATL,Rush+Rec TDs,1.5,6490161,2025-09-14T20:20:00-04:00,BIJAN ROBINSON,RUSH+RECEPTIONS TDS
Drake London,ATL,Rush+Rec TDs,0.5,6490162,2025-09-14T20:20:00-04:00,DRAKE LONDON,RUSH+RECEPTIONS TDS
Bijan Robinson,ATL,Rush Yards,70.5,6496003,2025-09-14T20:20:00-04:00,BIJAN ROBINSON,RUSHING YARDS
Bijan Robinson,ATL,Receiving Yards,27.5,6496121,2025-09-14T20:20:00-04:00,BIJAN ROBINSON,RECEPTIONSEIVING YARDS
Drake London,ATL,Receiving Yards,81.5,6496120,2025-09-14T20:20:00-04:00,DRAKE LONDON,RECEPTIONSEIVING YARDS
Bradley Pinion,ATL,Punts,3.5,6493117,2025-09-14T20:20:00-04:00,BRADLEY PINION,PUNTS
Michael Penix,ATL,Pass Yards,227.5,6495975,2025-09-14T20:20:00-04:00,MICHAEL PENIX,PASSING YARDS
Nico Collins,HOU,Rush+Rec TDs,0.5,6490168,2025-09-15T19:00:00-04:00,NICO COLLINS,RUSH+RECEPTIONS TDS
Mike Evans,TB,Rush+Rec TDs,0.5,6490165,2025-09-15T19:00:00-04:00,MIKE EVANS,RUSH+RECEPTIONS TDS
Bucky Irving,TB,Rush+Rec TDs,1.5,6490164,2025-09-15T19:00:00-04:00,BUCKY IRVING,RUSH+RECEPTIONS TDS
Nick Chubb,HOU,Rush+Rec TDs,1.5,6490166,2025-09-15T19:00:00-04:00,NICK CHUBB,RUSH+RECEPTIONS TDS
Nick Chubb,HOU,Rush+Rec TDs,0.5,6490167,2025-09-15T19:00:00-04:00,NICK CHUBB,RUSH+RECEPTIONS TDS
C.J. Stroud,HOU,Pass Yards,226.5,6495977,2025-09-15T19:00:00-04:00,CJ STROUD,PASSING YARDS
Nico Collins,HOU,Receiving Yards,74.5,6496124,2025-09-15T19:00:00-04:00,NICO COLLINS,RECEPTIONSEIVING YARDS
Baker Mayfield,TB,Pass Yards,242.5,6495976,2025-09-15T19:00:00-04:00,BAKER MAYFIELD,PASSING YARDS
Mike Evans,TB,Receiving Yards,65.5,6496123,2025-09-15T19:00:00-04:00,MIKE EVANS,RECEPTIONSEIVING YARDS
Bucky Irving,TB,Rush Yards,70.5,6496004,2025-09-15T19:00:00-04:00,BUCKY IRVING,RUSHING YARDS
Emeka Egbuka,TB,Receiving Yards,59.5,6496122,2025-09-15T19:00:00-04:00,EMEKA EGBUKA,RECEPTIONSEIVING YARDS
Nick Chubb,HOU,Rush Yards,51.5,6496005,2025-09-15T19:00:00-04:00,NICK CHUBB,RUSHING YARDS
Riley Dixon,TB,Punts,3.5,6493119,2025-09-15T19:00:00-04:00,RILEY DIXON,PUNTS
Tommy Townsend,HOU,Punts,3.5,6493120,2025-09-15T19:00:00-04:00,TOMMY TOWNSEND,PUNTS
Brock Bowers,LV,Rush+Rec TDs,0.5,6490515,2025-09-15T22:00:00-04:00,BROCK BOWERS,RUSH+RECEPTIONS TDS
Ladd McConkey,LAC,Rush+Rec TDs,0.5,6490516,2025-09-15T22:00:00-04:00,LADD MCCONKEY,RUSH+RECEPTIONS TDS
Omarion Hampton,LAC,Rush+Rec TDs,1.5,6490517,2025-09-15T22:00:00-04:00,OMARION HAMPTON,RUSH+RECEPTIONS TDS
Omarion Hampton,LAC,Rush+Rec TDs,0.5,6492728,2025-09-15T22:00:00-04:00,OMARION HAMPTON,RUSH+RECEPTIONS TDS
Ashton Jeanty,LV,Rush+Rec TDs,1.5,6490514,2025-09-15T22:00:00-04:00,ASHTON JEANTY,RUSH+RECEPTIONS TDS
Brock Bowers,LV,Receiving Yards,63.5,6496125,2025-09-15T22:00:00-04:00,BROCK BOWERS,RECEPTIONSEIVING YARDS
Justin Herbert,LAC,Pass Yards,239.5,6495978,2025-09-15T22:00:00-04:00,JUSTIN HERBERT,PASSING YARDS
Jakobi Meyers,LV,Receiving Yards,55.5,6496126,2025-09-15T22:00:00-04:00,JAKOBI MEYERS,RECEPTIONSEIVING YARDS
Ladd McConkey,LAC,Receiving Yards,71.5,6496127,2025-09-15T22:00:00-04:00,LADD MCCONKEY,RECEPTIONSEIVING YARDS
JK Scott,LAC,Punts,3.5,6493121,2025-09-15T22:00:00-04:00,JK SCOTT,PUNTS
AJ Cole,LV,Punts,3.5,6493122,2025-09-15T22:00:00-04:00,AJ COLE,PUNTS
Omarion Hampton,LAC,Rush Yards,61.5,6496006,2025-09-15T22:00:00-04:00,OMARION HAMPTON,RUSHING YARDS
Ashton Jeanty,LV,Rush Yards,67.5,6496007,2025-09-15T22:00:00-04:00,ASHTON JEANTY,RUSHING YARDS
Geno Smith,LV,Pass Yards,240.5,6495979,2025-09-15T22:00:00-04:00,GENO SMITH,PASSING YARDS
